scenario,policy,queries,served,violations
partition,lww,24,24,0
partition,signed-index,24,24,0
partition,transparency-only,24,24,0
partition,root-only,24,24,0
partition,all-namespaces,24,18,0
partition,scoped,24,22,0
partition,status-proof,24,22,0
revocation,lww,24,24,12
revocation,signed-index,24,24,12
revocation,transparency-only,24,24,12
revocation,root-only,24,18,6
revocation,all-namespaces,24,12,0
revocation,scoped,24,12,0
revocation,status-proof,24,12,0
grant_revocation,lww,24,24,12
grant_revocation,signed-index,24,24,12
grant_revocation,transparency-only,24,24,12
grant_revocation,root-only,24,18,6
grant_revocation,all-namespaces,24,12,0
grant_revocation,scoped,24,12,0
grant_revocation,status-proof,24,12,0
transfer,lww,24,24,0
transfer,signed-index,24,24,0
transfer,transparency-only,24,24,0
transfer,root-only,24,24,0
transfer,all-namespaces,24,18,0
transfer,scoped,24,18,0
transfer,status-proof,24,18,0
equivocation,lww,24,24,12
equivocation,signed-index,24,24,12
equivocation,transparency-only,24,24,12
equivocation,root-only,24,18,6
equivocation,all-namespaces,24,12,0
equivocation,scoped,24,12,0
equivocation,status-proof,24,12,0
missing,lww,24,24,18
missing,signed-index,24,24,18
missing,transparency-only,24,6,0
missing,root-only,24,6,0
missing,all-namespaces,24,6,0
missing,scoped,24,6,0
missing,status-proof,24,6,0
malformed,lww,24,24,18
malformed,signed-index,24,24,18
malformed,transparency-only,24,24,18
malformed,root-only,24,6,0
malformed,all-namespaces,24,6,0
malformed,scoped,24,6,0
malformed,status-proof,24,6,0
rollback,lww,24,24,12
rollback,signed-index,24,24,12
rollback,transparency-only,24,24,12
rollback,root-only,24,6,0
rollback,all-namespaces,24,6,0
rollback,scoped,24,6,0
rollback,status-proof,24,6,0
