family,span,order,churn,queries,winner,prefix_wire_bytes,cached_status_wire_bytes,scope_delta_wire_bytes,prefix_reply_bytes,cached_status_reply_bytes,scope_delta_reply_bytes,prefix_messages,cached_status_messages,scope_delta_messages,prefix_peak_client_state_bytes,cached_status_peak_client_state_bytes,scope_delta_peak_client_state_bytes,scope_authority_state_bytes
public-lock,1,increasing,0,32,cached-status,42257,13939,22078,40317,11732,17693,64,64,64,33150,7242,7328,846
public-lock,1,increasing,1,32,cached-status,57066,16351,22078,55126,13839,17693,64,66,64,47990,7246,7328,846
public-lock,1,increasing,4,32,cached-status,101717,16374,22142,99756,13862,17736,64,66,64,92598,7273,7329,846
public-lock,1,increasing,16,32,cached-status,280183,16381,22163,278215,13869,17750,64,66,64,271050,7278,7329,846
public-lock,1,decreasing,0,32,cached-status,43745,25635,25793,41747,22247,22389,66,66,66,34366,16039,16225,1544
public-lock,1,decreasing,1,32,scope-delta,58554,67351,28800,56556,53849,24001,66,66,66,49206,16146,16225,1544
public-lock,1,decreasing,4,32,scope-delta,103205,67373,28864,101186,53871,24044,66,66,66,93814,16193,16226,1544
public-lock,1,decreasing,16,32,scope-delta,281671,67380,28885,279645,53878,24058,66,66,66,272266,16203,16226,1544
public-lock,1,random,0,32,cached-status,43747,25232,26690,41748,21923,23015,66,66,66,34366,16101,16226,1544
public-lock,1,random,1,32,scope-delta,59033,50744,29212,57034,41234,24367,66,70,66,49683,16158,16226,1544
public-lock,1,random,4,32,scope-delta,105115,50766,29276,103095,41256,24410,66,70,66,95722,16215,16227,1544
public-lock,1,random,16,32,scope-delta,289316,50776,29298,287289,41266,24425,66,70,66,279908,16222,16228,1544
public-lock,1,hot,0,32,cached-status,52531,34421,34579,48682,29182,29324,128,128,128,34366,16041,16227,1544
public-lock,1,hot,1,32,scope-delta,82192,217563,40635,78319,168769,32566,128,128,128,64040,16167,16228,1544
public-lock,1,hot,4,32,scope-delta,171414,217597,40733,167509,168803,32632,128,128,128,153196,16231,16230,1544
public-lock,1,hot,16,32,scope-delta,528370,217623,40811,524439,168829,32684,128,128,128,510100,16231,16230,1544
public-lock,3,increasing,0,32,cached-status,45697,15941,23718,43332,13307,19030,78,78,78,34606,7304,7518,958
public-lock,3,increasing,1,32,cached-status,63854,17342,24397,61489,14512,19394,78,78,78,52799,7306,7518,958
public-lock,3,increasing,4,32,cached-status,118433,17342,24397,116068,14512,19394,78,78,78,107378,7306,7518,958
public-lock,3,increasing,16,32,cached-status,337176,17368,24469,334788,14538,19443,78,78,78,326072,7333,7521,958
public-lock,3,decreasing,0,32,cached-status,61727,42017,42333,56215,35145,35429,182,182,182,35822,16101,16415,1656
public-lock,3,decreasing,1,32,scope-delta,103286,82613,50772,97774,66075,39953,182,182,182,77468,16208,16415,1656
public-lock,3,decreasing,4,32,scope-delta,228399,82643,50856,222860,66105,40010,182,182,182,202524,16235,16418,1656
public-lock,3,decreasing,16,32,scope-delta,729285,82688,50991,723701,66150,40100,182,182,182,703320,16264,16418,1656
public-lock,3,random,0,32,cached-status,51967,31478,33015,48271,26621,27784,122,122,122,34606,14456,14697,1466
public-lock,3,random,1,32,scope-delta,79675,50504,38156,75979,41082,30540,122,126,122,62372,14548,14697,1466
public-lock,3,random,4,32,scope-delta,162990,50507,38163,159292,41085,30545,122,126,122,145682,14564,14698,1466
public-lock,3,random,16,32,scope-delta,496952,50550,38288,493213,41128,30629,122,126,122,479560,14597,14700,1466
public-lock,3,hot,0,32,cached-status,72229,52519,52835,64500,43430,43714,256,256,256,35822,16103,16417,1656
public-lock,3,hot,1,32,scope-delta,131508,234421,64905,123755,182273,50180,256,256,256,95176,16229,16418,1656
public-lock,3,hot,4,32,scope-delta,309850,234469,65041,302053,182321,50272,256,256,256,273426,16295,16422,1656
public-lock,3,hot,16,32,scope-delta,1023786,234533,65233,1015925,182385,50400,256,256,256,987234,16295,16422,1656
public-lock,6,increasing,0,32,cached-status,48712,16799,24033,46167,13982,19348,84,84,84,36790,7397,7803,1126
public-lock,6,increasing,1,32,cached-status,68306,17762,25003,65761,14773,19868,84,84,84,56420,7400,7803,1126
public-lock,6,increasing,4,32,cached-status,127196,17762,25003,124651,14773,19868,84,84,84,115310,7400,7803,1126
public-lock,6,increasing,16,32,cached-status,362915,17773,25026,360364,14784,19885,84,84,84,351012,7414,7808,1126
public-lock,6,decreasing,0,32,cached-status,82408,60298,60851,72967,49542,50039,312,312,312,38006,16194,16700,1824
public-lock,6,decreasing,1,32,scope-delta,153576,99654,75304,144135,79728,57787,312,312,312,109323,16301,16700,1824
public-lock,6,decreasing,4,32,scope-delta,367652,99678,75366,358192,79752,57830,312,312,312,323356,16325,16705,1824
public-lock,6,decreasing,16,32,scope-delta,1225426,99773,75649,1215872,79847,58019,312,312,312,1180941,16359,16706,1824
public-lock,6,random,0,32,cached-status,64398,41114,48868,58520,34366,40112,194,194,194,36790,16049,16420,1756
public-lock,6,random,1,32,scope-delta,110260,63388,54979,104382,51625,43388,194,222,194,82743,16091,16420,1756
public-lock,6,random,4,32,scope-delta,248119,63388,54979,242241,51625,43388,194,222,194,220602,16091,16420,1756
public-lock,6,random,16,32,scope-delta,800696,63464,55165,794758,51701,43514,194,222,194,773053,16158,16426,1756
public-lock,6,hot,0,32,cached-status,101776,79666,80219,88227,64802,65299,448,448,448,38006,16196,16702,1824
public-lock,6,hot,1,32,scope-delta,205482,259708,101310,191909,202529,76601,448,448,448,141880,16322,16703,1824
public-lock,6,hot,4,32,scope-delta,517510,259780,101512,503872,202601,76738,448,448,448,453771,16391,16710,1824
public-lock,6,hot,16,32,scope-delta,1766904,259895,101857,1753151,202716,76968,448,448,448,1702935,16391,16710,1824
generated,1,increasing,0,32,cached-status,73707,12858,21059,71676,10981,16973,66,64,64,64254,6492,6216,516
generated,1,increasing,1,32,cached-status,88547,18714,21059,86516,16389,16973,66,64,64,79125,6503,6216,516
generated,1,increasing,4,32,cached-status,133160,18714,21059,131129,16389,16973,66,64,64,123738,6503,6216,516
generated,1,increasing,16,32,cached-status,311612,18714,21059,309581,16389,16973,66,64,64,302190,6503,6216,516
generated,1,decreasing,0,32,cached-status,75184,36329,36487,73095,32517,32659,68,66,66,65459,27495,26449,1937
generated,1,decreasing,1,32,scope-delta,90024,131112,39525,87935,112226,34302,68,66,66,80330,27744,26449,1937
generated,1,decreasing,4,32,scope-delta,134637,131112,39525,132548,112226,34302,68,66,66,124943,27744,26449,1937
generated,1,decreasing,16,32,scope-delta,313089,131112,39525,311000,112226,34302,68,66,66,303395,27744,26449,1937
generated,1,random,0,32,cached-status,73707,28568,31529,71676,25413,27585,66,64,64,64254,20795,19884,1454
generated,1,random,1,32,scope-delta,88547,60560,33489,86516,52273,28645,66,84,64,79125,20898,19884,1454
generated,1,random,4,32,scope-delta,133160,60560,33489,131129,52273,28645,66,84,64,123738,20898,19884,1454
generated,1,random,16,32,scope-delta,311612,60560,33489,309581,52273,28645,66,84,64,302190,20898,19884,1454
generated,1,hot,0,32,cached-status,83970,45115,45273,80030,39452,39594,130,128,128,65459,27497,26451,1937
generated,1,hot,1,32,scope-delta,113662,394293,51360,109698,332923,42867,130,128,128,95164,27759,26452,1937
generated,1,hot,4,32,scope-delta,202846,394305,51394,198871,332935,42890,130,128,128,184325,27761,26453,1937
generated,1,hot,16,32,scope-delta,559788,394324,51451,555794,332954,42928,130,128,128,541229,27761,26453,1937
generated,3,increasing,0,32,cached-status,79343,17402,25179,76429,14549,20272,96,96,96,65678,6521,6405,628
generated,3,increasing,1,32,cached-status,101802,21306,26731,98888,18133,21104,96,96,96,88182,6532,6405,628
generated,3,increasing,4,32,cached-status,169353,21314,26749,166434,18141,21117,96,96,96,155720,6546,6408,628
generated,3,increasing,16,32,cached-status,440025,21344,26839,437076,18171,21177,96,96,96,426332,6567,6408,628
generated,3,decreasing,0,32,cached-status,94504,54364,54680,88626,46733,47017,194,194,194,66883,27427,26638,2049
generated,3,decreasing,1,32,scope-delta,138931,147938,63701,133053,125698,51853,194,194,194,111403,27676,26638,2049
generated,3,decreasing,4,32,scope-delta,272806,147992,63857,266877,125752,51958,194,194,194,245173,27795,26641,2049
generated,3,decreasing,16,32,scope-delta,808222,148022,63947,802263,125782,52018,194,194,194,780529,27805,26641,2049
generated,3,random,0,32,cached-status,88747,48081,53518,83837,41735,45748,162,162,162,65678,27365,26369,1981
generated,3,random,1,32,scope-delta,126009,90239,59144,121099,77349,48764,162,190,162,103018,27471,26369,1981
generated,3,random,4,32,scope-delta,238254,90284,59255,233308,77394,48839,162,190,162,215188,27603,26372,1981
generated,3,random,16,32,scope-delta,687330,90320,59345,682354,77430,48899,162,190,162,664204,27603,26372,1981
generated,3,hot,0,32,cached-status,103290,63150,63466,95561,53668,53952,256,256,256,66883,27429,26640,2049
generated,3,hot,1,32,scope-delta,162569,411119,75536,154816,346395,60418,256,256,256,126237,27691,26641,2049
generated,3,hot,4,32,scope-delta,341015,411185,75726,333200,346461,60546,256,256,256,304555,27825,26645,2049
generated,3,hot,16,32,scope-delta,1054921,411234,75873,1047057,346510,60644,256,256,256,1018363,27825,26645,2049
generated,6,increasing,0,32,cached-status,86076,21978,29212,82189,18149,23515,128,128,128,67862,6614,6690,796
generated,6,increasing,1,32,cached-status,116186,24122,32316,112299,20101,25179,128,128,128,98030,6625,6690,796
generated,6,increasing,4,32,cached-status,206690,24122,32316,202803,20101,25179,128,128,128,188534,6625,6690,796
generated,6,increasing,16,32,cached-status,569333,24161,32421,565413,20140,25251,128,128,128,551105,6660,6696,796
generated,6,decreasing,0,32,cached-status,124051,81511,82064,112353,68105,68602,386,386,386,69067,27520,26923,2217
generated,6,decreasing,1,32,scope-delta,212905,173225,100106,201207,145954,78274,386,386,386,158107,27769,26923,2217
generated,6,decreasing,4,32,scope-delta,480460,173300,100319,468693,146029,78418,386,386,386,425518,27884,26929,2217
generated,6,decreasing,16,32,scope-delta,1551346,173387,100580,1539492,146116,78592,386,386,386,1496230,27900,26929,2217
generated,6,random,0,32,cached-status,114880,64639,75253,104873,53904,61740,330,330,330,67862,21731,21174,1790
generated,6,random,1,32,scope-delta,192273,102067,86893,182266,86160,67980,330,364,330,145414,21804,21174,1790
generated,6,random,4,32,scope-delta,425220,102120,87034,415168,86213,68076,330,364,330,378265,21878,21180,1790
generated,6,random,16,32,scope-delta,1357962,102221,87295,1347823,86314,68250,330,364,330,1310833,21905,21180,1790
generated,6,hot,0,32,cached-status,132837,90297,90850,119288,75040,75537,448,448,448,69067,27522,26925,2217
generated,6,hot,1,32,scope-delta,236543,436406,111941,222970,366651,86839,448,448,448,172941,27784,26926,2217
generated,6,hot,4,32,scope-delta,548669,436493,112188,535016,366738,87006,448,448,448,484900,27921,26933,2217
generated,6,hot,16,32,scope-delta,1798045,436599,112506,1784286,366844,87218,448,448,448,1734064,27921,26933,2217
