claim_id,claim,theorem_or_argument,proof_checker_or_source,raw_evidence,figure_table_or_location,maturity,fresh_recheck_or_limit
C1,Complete authenticated namespace-prefix reconstruction,Prefix integrity Lemma 1; proofs/theorems.md,src/client.py; tests/test_protocol.py,directed chain/tip/signature mutations,paper safety section,handwritten argument plus concrete checks,no mechanized general proof
C2,Frontier-relative authorized dependency closure,Theorem 2; proofs/theorems.md,src/client.py; src/oracle.py,all main/probe decisions and finite histories,paper model and safety sections,handwritten argument plus measured finite cases,oracle trusts authoritative admission; authority paths separately tested
C3,Freshness must cover every reached namespace,Theorem 4 plus Lemma 3,tests/test_protocol.py; tests/finite.py,root-only violations and clock enumeration,Fig. dependency footprint; policy table,proved under stated clock and honest-issuer assumptions plus finite checks,no real-clock synchronization measurement
C4,Immediate unseen revocation conflicts with always-available isolated reads,Proposition 5,proofs/theorems.md; tests/test_protocol.py,immediate-mode abstention,paper contract section,indistinguishability argument,live authority/quorum protocols use a different contract
C5,Scoped prefixes and honest signed status implement the same predicate,Theorem 6,src/status_reference.py; tests/differential.py,192 main decisions; 500 random histories,paper results section,conditional argument plus finite differential evidence,does not cover Byzantine or incomplete issuer assertions
C6,Dependency-scoped prefixes and signed status have zero bounded violations in the canonical campaign,Theorems 2 4 6,src/analyze.py,results/analysis/summary.json; 48 case records,policy table,measured,94 of 108 oracle-permitted queries served by each
C7,Root-only freshness is unsafe for cross-namespace dependencies,Theorem 4 negative control,src/analyze.py; tests/test_protocol.py,18 bounded violations,policy table,measured finite counterexample,not a claim about a production root-only design with other authority checks
C8,All-namespace barriers couple unrelated namespaces,Footprint locality Lemma 3,src/analyze.py,90 versus 94 oracle-permitted served queries,policy table,measured finite comparison,assumes no federation-wide policy outside the dependency footprint
C9,Cold signed status is smaller than full prefixes in all six base conditions,Representation comparison,src/analyze.py,results/analysis/sizes.csv,size table,measured encoded bytes,not byte optimality or performance
C10,Per-key cached frontiers prevent subset-refresh false advancement,Lemma 7,src/cached_status.py; tests/test_cached_status.py,mixed-frontier and stale-full regression cases,paper cache subsection,implemented and directed-checked,a fresh head renews only objects at exactly its count
C11,ScopeDelta equals full folding for a registered scope under an honest issuer,Theorem 8 and Corollary 9,src/scope_delta.py; tests/test_scope_delta.py,30 real-signature renewal/extension checks,paper scoped-delta subsection,handwritten induction plus concrete checks,projection completeness is trusted issuer assertion
C12,Scope extension is content-bound atomic and retry-safe,Proposition 10,src/scope_delta.py; tests/test_scope_delta.py,lost-response retry and transactional-invalid-report cases,paper design subsection,implemented and directed-checked,in-memory table only; no persistence or garbage collection
C13,Cache-aware status can exceed full-prefix traffic on warm traces,Renewal experiment definition,src/renewal_study.py,12 of 96 traces; results/renewal/traces.csv,renewal results table,measured canonical encoded bytes,not latency CPU or throughput
C14,ScopeDelta is smaller than full-prefix transfer in all 96 renewal traces,ScopeDelta cost boundary plus experiment,src/renewal_study.py,results/renewal/summary.json,renewal results table,measured; median ratio 0.28 and max ratio 0.79,not universal optimality; chosen deterministic trace family only
C15,No non-history strategy universally wins the renewal matrix,Renewal experiment,src/renewal_study.py,42 cached-status winners and 54 ScopeDelta winners,paper renewal discussion,measured,ScopeDelta is no worse than the best other strategy in 54 of 96 traces
C16,ScopeDelta projects the relevant cause for each changed-namespace update,Theorem 8 event cases,src/renewal_study.py; tests/test_renewal_study.py,24 update checks plus 6 extension checks (30 total),renewal fault table,measured and directed-checked,one selected update per condition
C17,Fixed-token size model matches real signed-object lengths,Encoding construction,src/renewal_study.py; tests/test_renewal_study.py,8 actual/model object pairs in results/renewal/summary.json,paper methodology section,exact length parity for named schemas,not semantic or cryptographic equivalence of every generated object
C18,ScopeDelta exchanges lower prefix traffic for issuer scope state,State accounting definition,src/renewal_study.py,median 1656 and max 2217 encoded authority-state bytes,paper renewal discussion,measured model encoding,one active scope per namespace; not RSS or storage-engine cost
C19,Finite schedule and clock checks find no protected-predicate violation,Proof arguments plus bounded enumeration,tests/finite.py,results/finite.json,paper finite-check discussion,finite-checked,5880 delivery orders and 1512 clock assignments do not quantify all histories
C20,Clean repetition preserves canonical logical observations,Deterministic experiment contract,src/analyze.py,results/analysis/semantic-reproduction.json,paper validity section,executed exact comparison,48 cases and 336 policy runs agree after enumerated host timing/RSS exclusions
C21,Full history has an audit/witness advantage distinct from freshness,Trust-boundary argument,proofs/theorems.md; external_resources.csv,event-level witnesses in canonical cases,paper interpretation section,analytical boundary,does not establish Byzantine completeness without witnessed checkpoint consistency
C23,"The research-origin metadata, architecture-level motivation, and public-abstract implementation status are verified; the institutional record lists an author postprint, but detailed full-paper protocol boundaries were not independently verified because direct retrieval timed out",none,public conference programme; ORBilu institutional record; public abstract; proceedings metadata/DOI records; external_resources.csv,"title, 2025 venue, DOI, two-author order, architecture motivation, public-abstract work-in-progress statement, and institutional author-postprint listing verified; direct PDF retrieval timed out",not a manuscript claim,metadata and public abstract verified; author-postprint availability recorded; detailed full-paper boundary unresolved,"no executed federated baseline, completed ancestor, collaboration, or direct-lineage claim is made"
C24,A 12-plus-5-plus-5 full-paper calibration matrix informs the manuscript narrative and evaluation contract,none,docs/literature-calibration.md; external_resources.csv; paper bibliography in project package,12 closest update/transparency papers; five influential distributed-systems papers; five adjacent security/accountability papers; sections and adopted/rejected patterns recorded,research-plan.md literature calibration; docs/literature-calibration.md,completed writing/evidence calibration,"not a systematic review, artifact reproduction, novelty certificate, or independent peer review"
C25,The charged causal selector pays real quote traffic and uses no future trace knowledge,Fixed policy definition,src/selector_study.py; tests/test_selector_study.py,results/renewal/selector-traces.json.gz; selector-summary.json,paper selector method and Table selector,implemented and directed-checked,deterministic one-way policy; not an optimal online algorithm
C26,The selector costs median 1.39x and at most 1.86x the better fixed status or ScopeDelta strategy on 96 traces,Renewal selector experiment,src/selector_study.py,results/renewal/selector-summary.json; selector.csv,paper Table selector,measured canonical encoded bytes,hindsight fixed baseline; 22 traces within 1.25x; no latency claim
C27,No present causal choice has zero regret for both immediate termination and sufficiently long unrelated-churn continuations,Proposition 11; proofs/theorems.md,indistinguishable-continuations argument,constructed pair of continuation families; selector traces illustrate cost,paper selector subsection,handwritten argument,does not prove a competitive ratio randomized bound or optimal selector
C28,An earlier clean-extraction record reports bounded checks and a paper rebuild without semantic or rendered-page drift,Historical deterministic clean-extraction contract,README.md commands; results/final-verification.json,125 historical tests; original finite outputs; earlier 500-history prefix/full-status/oracle differential output; 96 honest renewal and selector traces; 96 witnessed traces; 45 in-process witness-network cases; 33 process-isolated durability cases; 48-case analysis reload; earlier clean PDF render comparison; 68 cited bibliography entries,Historical clean-extraction record,retained evidence only for the current completion pass,same implementation family and fixtures; not independent reimplementation or external review; current TeX has not been compiled by this worker and current platform execution is distinguished in results/local-checks.json
C29,The relevance-first bibliography contains 68 entries and every entry is cited for a specific comparison in the manuscript body,Claim-to-literature coverage audit,paper/check_bibliography.py; paper/references.bib; paper/main.tex; artifact/external_resources.csv,"68 unique BibTeX keys; 68 main-body cited keys; zero appendix-only, uncited, missing, duplicate-key, duplicate-title, duplicate-DOI, metadata, or resource-mapping failures; maximum citation group four",Introduction and related work; main-paper bibliography,"metadata-checked, official-resource-mapped, and body-citation-coverage checked","primary/official metadata and claim-relevant passages are recorded; this is not a cover-to-cover reading or artifact-execution certification for every source; the AI4DVault institutional record lists an author postprint, but direct PDF retrieval timed out"
C30,A 3-of-4 witnessed exact-scope certificate contains the exact projection of at least one honest independently replayed history when at most one witness is Byzantine,Lemma 12 and Theorem 14; proofs/theorems.md,src/witness_delta.py; tests/test_witness_delta.py,omitted artifact revocation capability revocation and conflict obtain one of four signatures; acknowledged revocation cannot later be omitted,paper witnessed design and safety sections,handwritten conditional proof plus directed checks,fixed committee and quorum-visible history only; crash durability requires C38--C40 assumptions
C31,Two conflicting 3-of-4 branches cannot both certify with at most one Byzantine witness,Lemma 13 and Theorem 16; quorum intersection plus persist-before-sign,tests/witness_finite.py; tests/test_witness_delta.py; tests/test_durable_witness.py; src/durable_witness_study.py,16 ordered quorum pairs across five fault sets; 32 concurrent honest first-arrival assignments with no dual quorum; post-quorum fork case; six full-committee restart/fork cases,paper safety section,finite-enumerated set argument plus concrete crash/restart checks,assumes fixed witness identities and retained non-malicious stable storage
C32,Witnessed bounded freshness requires the retained 3 epsilon guard and covers every reached namespace,Theorem 17; proofs/theorems.md,tests/witness_finite.py; tests/test_witness_delta.py; tests/test_scope_delta.py; tests/test_durable_witness.py; src/durable_witness_study.py,real API epsilon=2 Delta=10 cached-witness trace serves at 17 and expires at strict endpoint 18 and isolated read 19; honest issuer separately serves at 19 and expires at 20; 2625 bounded clock assignments; zero 3-epsilon failures; five 2-epsilon negative controls; one post-restart clock rollback case,paper contract and safety sections,handwritten clock inequality plus public-API directed regressions and finite enumeration,logical bounded clocks only; no physical synchronization implementation or measurement; enumeration does not substitute for API wiring tests
C33,Witnessed exact-scope traffic is smaller than witnessed prefix traffic in 87 of 96 traces at the client plane but only 48 of 96 after certification-plane traffic is counted,separated encoded-byte accounting definition,src/witness_study.py; tests/test_witness_study.py,results/witness/summary.json; results/witness/traces.csv,paper witnessed cost table,measured canonical encoded bytes,synthetic traces; no TLS compression latency CPU or storage-engine cost
C34,The median witnessed-scope to witnessed-prefix byte ratio changes from 0.46 on the client plane to approximately 1.00 across all counted planes and certification is 89.9 percent of witnessed-scope traffic at the median,cost decomposition,src/witness_study.py,results/witness/summary.json,paper witnessed cost table and interpretation,measured canonical encoded bytes,counts sequencer-to-four-witness application objects; not total network stack or storage
C35,The four-listener witnessed implementation passes 45 actual-signature cases including 18 omission attacks and 24 consuming-cache state checks in the fresh run,bounded network case matrix,src/witness_network.py; src/witness_network_study.py; tests/test_witness_network.py,results/witness-network/summary.json historical signer outcomes; results/local-checks.json fresh summary; 45 of 45 expected outcomes; 24 of 24 cache comparisons; 710 messages; 10960842 wire bytes,paper implementation and evaluation sections,executed actual Ed25519 loopback evidence,four endpoints share one Python process and host; cache validity is target-namespace scope-local not a whole-root serve decision; complemented by historical C38 recovery evidence
C36,Fewer than three responsive witnesses block certification; three compatible responsive signers can certify but reachability alone is only a threshold condition,Proposition 18; proofs/theorems.md,tests/witness_finite.py; tests/test_witness_delta.py; src/witness_network_study.py,80 reachability/fault cases; two-responsive and three-responsive network cases; eight split-boundary signature cases,paper availability boundary,finite-enumerated and concrete-checked,all three honest witnesses reachable is necessary under Byzantine withholding but insufficient after a branch split; also requires timely valid proposals and successful persistence within state bounds; no liveness or dynamic-membership proof
C37,The witnessed mechanism and honest-sequencer baseline are evaluated under separate acknowledgement contracts rather than being conflated,explicit model split in proofs/theorems.md and docs/model-and-evidence.md,paper model section; research-plan.md; CURRENT-STATE.md,original 48-case records retained unchanged; new witnessed results stored separately under results/witness and results/witness-network,paper Sections 3 6 and 7,documentation and evidence-boundary audit,does not make the original six-listener run Byzantine evidence
C38,An honest witness releases no signature until its accepted branch scope table signed-slot digest and logical clock are durably committed,Lemma 15 persist-before-sign crash atomicity; proofs/theorems.md,src/durable_witness.py; tests/test_durable_witness.py; tests/test_durable_witness_network.py; src/durable_witness_study.py,"24 injected-crash cases across three windows plus directed temporary-file fsync, replace, and post-replace directory-fsync failure tests; no signature escapes an uncertain commit and the live object requires reopen",paper durable commit design and crash-recovery table,implemented and process-isolated crash-injection checked,assumes retained non-malicious stable storage and filesystem semantics for fsync plus atomic replacement; injected ordinary I/O errors fail closed; no disk-loss or primitive-violation tolerance
C39,After an accepted quorum certificate and full committee restart retained stable state prevents a conflicting fork from reaching quorum,Theorem 16 crash-recovered quorum non-equivocation; proofs/theorems.md,src/durable_witness.py; src/durable_witness_network.py; src/durable_witness_study.py,six graph/span cases certify one branch restart all four witness processes then limit a conflicting branch to two signatures,paper safety and durable recovery results,handwritten conditional proof plus six process-isolated full-restart checks,same host and storage subsystem; no machine-independent correlated-failure or malicious-storage claim
C40,A damaged durable snapshot fails closed and the recovered logical clock rejects a backstep,stable-state validation and monotonic-clock invariant,src/durable_witness.py; tests/test_durable_witness.py; src/durable_witness_study.py,truncated-state and commitment-mismatch cases refuse restart without silent reset; one four-process restart rejects clock 4 after persisted clock 5 and accepts clock 6,paper durable recovery results and limitations,implemented and concrete-checked,snapshot commitment detects accidental/tampered bytes only under non-malicious storage; an adversary able to rewrite state and recompute the commitment is outside the model
C41,"Authority admission, witness replay, and independent client verification accept only one canonical dependency-list representation",Canonical signed-manifest representation invariant; proofs/theorems.md,src/model.py; src/client.py; src/witness_delta.py; tests/test_protocol.py; tests/test_witness_delta.py,"non-string, unsorted, and duplicate dependencies are rejected at all three trust boundaries; 500 differential histories retain zero decision mismatch",paper model and verification sections; CURRENT-STATE.md,implemented and directed-checked,canonicalization is a protocol-shape invariant; it does not prove ecosystem manifest compatibility
C42,"Honest heads, full and compact status, all ScopeService issue paths, and witnessed reports reject issuance before the latest accepted event they authenticate",Temporal-frontier invariant; proofs/theorems.md,src/model.py; src/status_reference.py; src/cached_status.py; src/scope_delta.py; src/witness_delta.py; src/durable_witness.py; tests/test_protocol.py; tests/test_cached_status.py; tests/test_scope_delta.py; tests/test_witness_delta.py; tests/test_durable_witness.py,"accepted=2 issued=1 is rejected for full status, compact status, and registration before allocation; stale renewal and extension leave service state unchanged; issued=accepted equality passes; heads and witnesses reject earlier issuance; durable reload rejects history beyond retained clock allowance",paper model/design and clock-validation sections; supplementary honest-path details,implemented and directed-checked invariant,implemented interface-specific checks; not a blanket claim about unlisted producers or physical clock synchronization
C43,"Durable witness reload semantically validates retained history, tip, exact scopes, signed slots, identity, commitment, and time, and bounds stable signed-slot state at 65,536 entries",Fail-closed durable-state reconstruction and bounded anti-equivocation-state invariant; proofs/theorems.md,src/durable_witness.py; src/witness_delta.py; tests/test_durable_witness.py; tests/test_witness_delta.py,"cross-namespace scope, slot-beyond-history, malformed slot, inconsistent tip/time, corrupt commitment, and over-bound tables are rejected; at the cap an identical same-slot retry succeeds while a new slot is denied",paper bounds and validation sections; artifact README,implemented and directed-checked,"fixed cap prevents unbounded retained slot growth but provides no reclamation, dynamic reconfiguration, or malicious-storage rollback defense"
J1,Standard quorum intersection and honest-threshold feasibility,Lemma 19; main Eq. general-quorum,checks/quorum.go,results/quorum-general.json,main Safety and Availability,handwritten argument; independently coded finite enumeration,385 triples; no general consensus or liveness implementation
J2,Honest reachability is not sufficient for progress after an uncertified split,Proposition 18; main split proposition,src/boundary_study.py; tests/test_boundary.py,results/journal-boundary.json,main Evaluation; supplement split table,actual signature counterexamples,8 cases; two withholding split counterexamples; no branch-unlocking mechanism
J3,An earlier TDSC release repetition distinguished retained evidence from its bounded reruns,repetition comparison,src/verify_artifact.py; results/journal-repetition/; results/final-verification.json,"all 96 renewal, selector, and witnessed traces regenerated; witness state-accounting, 45 network and 33 durability outputs matched; retained complete 48-case repetition reanalyzed; six main cases separately rerun",artifact README; main reproducibility boundary,retained earlier bounded repetition,same codebase and retained fixtures; these six earlier campaign reruns are separate from the fresh Windows execution identified by results/local-checks.json
C44,"Witness durable-state accounting retains every immutable old/current scope handle and stable slot/digest across all four witnesses, with actual/model byte parity at four protocol transitions",Canonical durable-payload accounting definition,src/witness_study.py; tests/test_witness_study.py,results/witness/state-accounting.json; registration 6144 B/4 scopes/4 slots; extension 7376 B/8 scopes/8 slots; state-changing renewal 9056 B/8 scopes/12 slots; same-slot retry 9056 B with no growth; 96-trace median 544248 B and max 7106444 B,paper state-cost paragraph; supplementary state-accounting table; generated/witness-state-check-table.tex,actual protocol objects and independent model agree byte-for-byte at four transitions; 96 traces reexecuted,"four-witness canonical payload sum; excludes outer commitment envelope/newline, filesystem metadata, allocator/RSS, physical write amplification and transport; does not alter client or total traffic win counts"
C45,Portable execution regenerates the finite campaign and records unavailable runtime checks explicitly,Bounded Windows re-execution,src/scientific_checks.py; tests/test_runtime.py; results/local-checks.json,113 passed unit tests with 17 POSIX skips; 48 cases and 336 policy runs logically equal; 96 renewal plus 96 selector plus 96 witnessed traces; 45 network cases with 24 client-state checks; 500 differential histories seed 20261006; 15 reconciliation groups equal,paper checks and re-execution boundary; supplementary evidence inventory,Windows 11 build 28000 AMD64 Python 3.12.14 cryptography 50.0.1,Windows execution does not test POSIX durability or Go; unavailable RSS and resource limits are not inferred from Linux
C46,The complete current Linux suite includes process-isolated durability and Go quorum enumeration,Bounded Linux re-execution,src/scientific_checks.py; results/current/run.json; results/current/unit/unit.json; results/current/durable-witness/summary.json; results/current/quorum.json,134 passed unit tests with no skips; 13 successful commands; 33 of 33 durability cases; 385 Go parameter rows and 250942 quorum pairs; 48 cases and 336 policy runs logically equal,paper checks and re-execution boundary; supplementary evidence inventory,Linux 6.17 x86-64 Python 3.12.14 cryptography 50.0.2,329.565 seconds for the complete suite; finite protocol scope and non-rollback-storage assumptions remain unchanged
