bib_key,name,scholarly_or_official_url,license_or_access_terms,access_date,resource_type,acquisition_method,integration_mode,supported_claim_or_use,internals_modified
,ripgrep 14.1.1 Cargo.lock,https://raw.githubusercontent.com/BurntSushi/ripgrep/14.1.1/Cargo.lock,MIT OR Unlicense,2026-09-10,public source metadata,complete web text read and manual semantic transcription,exact consumed projection retained as data/lock_projection.json,61 package records and 131 named dependency edges; topology shape only,no
,ripgrep MIT license,https://github.com/BurntSushi/ripgrep/blob/14.1.1/LICENSE-MIT,MIT,2026-09-10,upstream license,web text,notice retained in data/licenses/,permission and attribution for the metadata source,no
,ripgrep COPYING,https://github.com/BurntSushi/ripgrep/blob/14.1.1/COPYING,MIT OR Unlicense,2026-09-10,upstream licensing notice,web text,notice retained in data/licenses/,upstream dual-license choice,no
ai4dvault,AI4DVault: A Registry Architecture for Securing the AI4D Supply Chain,https://doi.org/10.1109/C4D65382.2025.11306472,publisher access terms,2026-09-16,recorded research anchor,"official ORBilu/DOI metadata and public abstract checked; ORBilu lists a 2.48 MB author postprint, but direct PDF retrieval timed out","cited in the manuscript as application motivation, not used as an implemented baseline","motivates AI-artifact provenance, integrity, and access control; public abstract states implementation remains work in progress",no
wave,WAVE: A Decentralized Authorization Framework with Transitive Delegation,https://www.usenix.org/conference/usenixsecurity19/presentation/andersen,USENIX publication terms,2026-09-10,scholarly paper,official proceedings source and primary PDF passages read,manuscript related work,deadline-bounded non-revocation evidence and signed nonexistence evidence,no
tuf,Survivable Key Compromise in Software Update Systems,https://theupdateframework.io/papers/survivable-key-compromise-ccs2010.pdf,ACM publication terms,2026-09-10,scholarly paper,primary PDF passages read,manuscript related work,authenticated update metadata expiration and rollback checks,no
practi,PRACTI Replication,https://www.usenix.org/legacy/events/nsdi06/tech/belaramani.html,USENIX publication terms,2026-09-10,scholarly paper,primary paper passages read,manuscript related work,precision and invalidation in partial replication,no
pads,PADS: A Policy Architecture for Distributed Storage Systems,https://www.usenix.org/legacy/events/nsdi09/tech/full_papers/belaramani/belaramani.pdf,USENIX publication terms,2026-09-10,scholarly paper,primary PDF passages read,manuscript related work,separation of dissemination and blocking policy,no
corfu,CORFU: A Shared Log Design for Flash Clusters,https://www.usenix.org/conference/nsdi12/technical-sessions/presentation/balakrishnan,USENIX publication terms,2026-09-10,scholarly paper,primary paper passages read,manuscript related work,shared-log ordering substrate contrast,no
vcorfu,vCorfu: A Cloud-Scale Object Store on a Shared Log,https://www.usenix.org/conference/nsdi17/technical-sessions/presentation/wei,USENIX publication terms,2026-09-10,scholarly paper,primary paper passages read,manuscript related work,object store on shared-log substrate,no
scalog,Scalog: Seamless Reconfiguration and Total Order in a Scalable Shared Log,https://www.usenix.org/conference/nsdi20/presentation/ding,USENIX publication terms,2026-09-10,scholarly paper,primary paper passages read,manuscript related work,total order and reconfiguration contrast,no
gryff,Gryff: Unifying Consensus and Shared Registers,https://www.usenix.org/conference/nsdi20/presentation/burke,USENIX publication terms,2026-09-10,scholarly paper,primary paper passages read,manuscript related work,quorum acknowledgement and shared-register semantics,no
swiftpaxos,SwiftPaxos: Fast Geo-Replicated State Machines,https://www.usenix.org/conference/nsdi24/presentation/ryabinin,USENIX publication terms,2026-09-10,scholarly paper,primary paper passages read,manuscript related work,dependency ordering and quorum paths,no
bedrock,"The Bedrock of Byzantine Fault Tolerance: A Unified Platform for BFT Protocols Analysis, Implementation, and Experimentation",https://www.usenix.org/conference/nsdi24/presentation/amiri,USENIX publication terms,2026-09-10,scholarly paper,primary paper passages read,calibration only,scope and evidence standard for broad BFT analysis,no
smartcasual,Smart Casual Verification of the Confidential Consortium Framework,https://www.usenix.org/conference/nsdi25/presentation/howard,USENIX publication terms,2026-09-10,scholarly paper,primary paper passages read,calibration only,model-to-implementation verification standard,no
sundr,Secure Untrusted Data Repository (SUNDR),https://www.usenix.org/legacy/events/osdi04/tech/full_papers/li_j/li_j.pdf,USENIX publication terms,2026-09-10,scholarly paper,primary PDF passages read,manuscript related work,client-observation and fork-consistency contrast,no
cops,Don't Settle for Eventual: Scalable Causal Consistency for Wide-Area Storage with COPS,https://dl.acm.org/doi/10.1145/2043556.2043593,ACM publication terms,2026-09-10,scholarly paper,primary paper passages read,manuscript related work,causal dependency visibility contrast,no
eiger,Stronger Semantics for Low-Latency Geo-Replicated Storage,https://www.usenix.org/conference/nsdi13/technical-sessions/presentation/lloyd,USENIX publication terms,2026-09-10,scholarly paper,primary paper passages read,manuscript related work,transactional geo-replication contrast,no
occult,I Can't Believe It's Not Causal! Scalable Causal Consistency with No Slowdown Cascades,https://www.usenix.org/conference/nsdi17/technical-sessions/presentation/mehdi,USENIX publication terms,2026-09-10,scholarly paper,primary paper passages read,manuscript related work,causal dependency slowdown contrast,no
curp,Exploiting Commutativity for Practical Fast Replication,https://www.usenix.org/conference/nsdi19/presentation/park,USENIX publication terms,2026-09-10,scholarly paper,primary paper passages read,manuscript related work,fast replication under commutativity,no
intoto,in-toto: Providing Farm-to-Table Guarantees for Bits and Bytes,https://www.usenix.org/conference/usenixsecurity19/presentation/torres-arias,USENIX publication terms,2026-09-10,scholarly paper,primary paper passages read,manuscript related work,end-to-end supply-chain layout contrast,no
rfc5280,Internet X.509 Public Key Infrastructure Certificate and Certificate Revocation List (CRL) Profile,https://www.rfc-editor.org/rfc/rfc5280.html,IETF Trust legal provisions,2026-09-11,technical standard,official RFC passages read,manuscript related work,delta CRLs carry changes since a base and reconstruct a complete same-scope revocation view,no
rfc6960,X.509 Internet Public Key Infrastructure Online Certificate Status Protocol -- OCSP,https://www.rfc-editor.org/rfc/rfc6960.html,IETF Trust legal provisions,2026-09-11,technical standard,official RFC passages read,manuscript related work,fresh signed status responses with thisUpdate nextUpdate and producedAt fields,no
aasl,Authenticated Append-only Skip Lists,https://arxiv.org/abs/cs/0302010,arXiv access terms,2026-09-11,scholarly paper,primary paper record and text inspected,manuscript related work,authenticated append-only sequence commitments and proofs against untrusted maintainers,no
mog,"Think Global, Act Local: Gossip and Client Audits in Verifiable Data Structures",https://arxiv.org/abs/2011.04551,arXiv access terms,2026-09-11,scholarly paper,primary paper record and text inspected,manuscript related work,Mog gossip and client audit distinction for verifiable registries,no
glassdb,GlassDB: An Efficient Verifiable Ledger Database System Through Transparency,https://arxiv.org/abs/2207.00944,arXiv access terms,2026-09-11,scholarly paper,primary paper record and text inspected,manuscript related work,transactional verifiable ledger and authenticated-data-structure contrast,no
coniks,CONIKS: Bringing Key Transparency to End Users,https://www.usenix.org/conference/usenixsecurity15/technical-sessions/presentation/melara,USENIX publication terms,2026-09-10,scholarly paper,official proceedings source read,manuscript related work,verifiable map and consistency audit contrast,no
chainiac,CHAINIAC: Proactive Software-Update Transparency via Collectively Signed Skipchains and Verified Builds,https://www.usenix.org/conference/usenixsecurity17/technical-sessions/presentation/nikitin,USENIX publication terms,2026-09-11,scholarly paper,official proceedings record and targeted primary-paper passages inspected,manuscript related work and framing,collectively signed update transparency and verified-build history,no
diplomat,Diplomat: Using Delegations to Protect Community Repositories,https://www.usenix.org/conference/nsdi16/technical-sessions/presentation/kuppusamy,USENIX publication terms,2026-09-11,scholarly paper,official proceedings record and targeted primary-paper passages inspected,manuscript related work and framing,delegated repository roles and compromise containment,no
mercury,Mercury: Bandwidth-Effective Prevention of Rollback Attacks Against Community Repositories,https://www.usenix.org/conference/atc17/technical-sessions/presentation/kuppusamy,USENIX publication terms,2026-09-11,scholarly paper,official proceedings record and targeted primary-paper passages inspected,manuscript related work and framing,bandwidth-conscious rollback prevention for repository metadata,no
mirror,A Look in the Mirror: Attacks on Package Managers,https://doi.org/10.1145/1455770.1455841,ACM publication terms,2026-09-11,scholarly paper,publisher DOI record and targeted primary-paper passages inspected,manuscript related work and framing,package-manager attack surface motivating authenticated metadata,no
sigstore,Sigstore: Software Signing for Everybody,https://doi.org/10.1145/3548606.3560596,ACM publication terms,2026-09-11,scholarly paper,publisher DOI record and targeted primary-paper passages inspected,manuscript related work and framing,deployable identity-bound software signing and public transparency,no
contour,Contour: A Practical System for Binary Transparency,https://doi.org/10.1007/978-3-030-00305-0_8,Springer publication terms,2026-09-11,scholarly paper,publisher DOI record and targeted primary-paper passages inspected,manuscript related work and framing,binary-transparency design and auditable publication history,no
swdisttrans,Software Distribution Transparency and Auditability,https://arxiv.org/abs/1711.07278,arXiv access terms,2026-09-11,scholarly paper,primary record and targeted paper passages inspected,manuscript related work and framing,software-distribution auditability and transparent release histories,no
npmrisks,Small World with High Risks: A Study of Security Threats in the npm Ecosystem,https://www.usenix.org/conference/usenixsecurity19/presentation/zimmermann,USENIX publication terms,2026-09-11,scholarly paper,official proceedings record and targeted primary-paper passages inspected,manuscript related work and framing,empirical dependency concentration and npm ecosystem risk,no
backstabber,Backstabber's Knife Collection: A Review of Open Source Software Supply Chain Attacks,https://doi.org/10.1007/978-3-030-52683-2_2,Springer publication terms,2026-09-11,scholarly paper,publisher DOI record and targeted primary-paper passages inspected,manuscript related work and framing,taxonomy and evidence of open-source supply-chain attacks,no
npmpermissions,Containing Malicious Package Updates in npm with a Lightweight Permission System,https://doi.org/10.1109/ICSE43902.2021.00121,IEEE publication terms,2026-09-11,scholarly paper,publisher DOI record and targeted primary-paper passages inspected,manuscript related work and framing,least-privilege constraints for package updates,no
speranza,"Speranza: Usable, Privacy-Friendly Software Signing",https://doi.org/10.1145/3576915.3623200,ACM publication terms,2026-09-11,scholarly paper,publisher DOI record and targeted primary-paper passages inspected,manuscript related work and framing,privacy-preserving and usable software-signing identity,no
merkle2,Merkle$^2$: A Low-Latency Transparency Log System,https://doi.org/10.1109/SP40001.2021.00088,IEEE publication terms,2026-09-11,scholarly paper,publisher DOI record and targeted primary-paper passages inspected,manuscript related work and framing,low-latency transparency maps and consistency evidence,no
uptane,Uptane: Securing Software Updates for Automobiles,https://ssl.engineering.nyu.edu/papers/uptane-escar.pdf,author-hosted primary-paper access terms,2026-09-11,scholarly paper,primary paper and bibliographic record inspected,manuscript related work and framing,role separation compromise recovery and rollback resistance for update systems,no
parakeet,Parakeet: Practical Key Transparency for End-to-End Encrypted Messaging,https://doi.org/10.14722/ndss.2023.24545,Internet Society publication terms,2026-09-11,scholarly paper,official DOI record and targeted primary-paper passages inspected,manuscript related work and framing,practical key transparency and client-verifiable directory consistency,no
crlite,CRLite: A Scalable System for Pushing All TLS Revocations to All Browsers,https://doi.org/10.1109/SP.2017.17,IEEE publication terms,2026-09-11,scholarly paper,publisher DOI record and targeted primary-paper passages inspected,manuscript related work and framing,compressed broad dissemination of revocation status,no
leases,Leases: An Efficient Fault-Tolerant Mechanism for Distributed File Cache Consistency,https://doi.org/10.1145/74850.74870,ACM publication terms,2026-09-11,scholarly paper,publisher DOI record and targeted primary-paper passages inspected,manuscript related work and framing,time-bounded cache validity under explicit timing assumptions,no
naornissim,Certificate Revocation and Certificate Update,https://doi.org/10.1109/49.839932,IEEE publication terms,2026-09-11,scholarly paper,publisher DOI record and targeted primary-paper passages inspected,manuscript related work and framing,communication and state tradeoffs in revocation/update mechanisms,no
macaroons,Macaroons: Cookies with Contextual Caveats for Decentralized Authorization in the Cloud,https://doi.org/10.14722/ndss.2014.23212,Internet Society publication terms,2026-09-11,scholarly paper,official DOI record and targeted primary-paper passages inspected,manuscript related work and framing,attenuated bearer authorization with contextual caveats,no
zanzibar,"Zanzibar: Google's Consistent, Global Authorization System",https://www.usenix.org/conference/atc19/presentation/pang,USENIX publication terms,2026-09-11,scholarly paper,official proceedings record and targeted primary-paper passages inspected,manuscript related work and framing,global authorization consistency and relation-based policy service,no
rfc9162,Certificate Transparency Version 2.0,https://www.rfc-editor.org/rfc/rfc9162.html,IETF Trust legal provisions,2026-09-11,technical standard,official RFC text and targeted normative passages inspected,manuscript related work and framing,append-only certificate-transparency log and consistency-proof contract,no
merkle,A Digital Signature Based on a Conventional Encryption Function,https://doi.org/10.1007/3-540-48184-2_32,Springer publication terms,2026-09-11,scholarly paper,publisher DOI record and targeted primary-paper passages inspected,manuscript related work and framing,Merkle-tree authentication primitive underlying transparency systems,no
peerreview,PeerReview: Practical Accountability for Distributed Systems,https://www.sigops.org/s/conferences/sosp/2007/papers/sosp07-haeberlen.pdf,ACM author-provided proceedings copy terms,2026-09-11,scholarly paper,primary conference paper and targeted passages inspected,manuscript related work and framing,accountable execution logs and evidence of faulty behavior,no
trinc,TrInc: Small Trusted Hardware for Large Distributed Systems,https://www.usenix.org/legacy/event/nsdi09/tech/full_papers/levin/levin.pdf,USENIX publication terms,2026-09-11,scholarly paper,official proceedings paper and targeted passages inspected,manuscript related work and framing,trusted monotonic counters for equivocation resistance,no
depot,Depot: Cloud Storage with Minimal Trust,https://www.usenix.org/legacy/event/osdi10/tech/full_papers/Mahajan.pdf,USENIX publication terms,2026-09-11,scholarly paper,official proceedings paper and targeted passages inspected,manuscript related work and framing,client verification and fork-aware storage under minimal service trust,no
sporc,SPORC: Group Collaboration Using Untrusted Cloud Resources,https://www.cs.princeton.edu/~mfreed/docs/sporc-osdi10.pdf,author-hosted primary-paper access terms,2026-09-11,scholarly paper,primary conference paper and targeted passages inspected,manuscript related work and framing,client-enforced integrity and fork detection in untrusted cloud collaboration,no
cloudproof,Enabling Security in Cloud Storage SLAs with CloudProof,https://www.usenix.org/legacy/events/atc11/tech/final_files/Popa.pdf,USENIX publication terms,2026-09-11,scholarly paper,official proceedings paper and targeted passages inspected,manuscript related work and framing,cryptographic evidence for cloud-service misbehavior and SLA accountability,no
catena,Catena: Efficient Non-Equivocation via Bitcoin,https://people.csail.mit.edu/alinush/papers/catena-sp.pdf,author-hosted primary-paper access terms,2026-09-11,scholarly paper,primary conference paper and targeted passages inspected,manuscript related work and framing,external witnessing for efficient non-equivocation,no
cap,"Brewer's Conjecture and the Feasibility of Consistent, Available, Partition-Tolerant Web Services",https://doi.org/10.1145/564585.564601,ACM publication terms,2026-09-11,scholarly paper,publisher DOI record and targeted theorem passages inspected,manuscript related work and framing,partition-time impossibility boundary between consistency and availability,no
bayou,"Managing Update Conflicts in Bayou, a Weakly Connected Replicated Storage System",https://dl.acm.org/doi/10.1145/224056.224070,ACM publication terms,2026-09-11,scholarly paper,publisher record and targeted primary-paper passages inspected,manuscript related work and framing,weakly connected operation and application-specific conflict handling,no
epidemic,Epidemic Algorithms for Replicated Database Maintenance,https://doi.org/10.1145/41840.41841,ACM publication terms,2026-09-11,scholarly paper,publisher DOI record and targeted primary-paper passages inspected,manuscript related work and framing,gossip-style anti-entropy and eventual dissemination,no
dynamo,Dynamo: Amazon's Highly Available Key-Value Store,https://doi.org/10.1145/1294261.1294281,ACM publication terms,2026-09-11,scholarly paper,publisher DOI record and targeted primary-paper passages inspected,manuscript related work and framing,high availability and eventual reconciliation under partitions,no
crdt,Conflict-Free Replicated Data Types,https://doi.org/10.1007/978-3-642-24550-3_29,Springer publication terms,2026-09-11,scholarly paper,publisher DOI record and targeted primary-paper passages inspected,manuscript related work and framing,convergent replicated data structures and merge semantics,no
hat,Highly Available Transactions: Virtues and Limitations,https://www.vldb.org/pvldb/vol7/p181-bailis.pdf,PVLDB open-access terms,2026-09-11,scholarly paper,official primary paper and targeted theorem passages inspected,manuscript related work and framing,limits of highly available transactional semantics,no
coordavoid,Coordination Avoidance in Database Systems,https://www.vldb.org/pvldb/vol8/p185-bailis.pdf,PVLDB open-access terms,2026-09-11,scholarly paper,official primary paper and targeted theorem passages inspected,manuscript related work and framing,invariant confluence and when coordination can be avoided,no
gentlerain,GentleRain: Cheap and Scalable Causal Consistency with Physical Clocks,https://doi.org/10.1145/2670979.2670983,ACM publication terms,2026-09-11,scholarly paper,publisher DOI record and targeted primary-paper passages inspected,manuscript related work and framing,physical-clock causal visibility and freshness/latency tradeoffs,no
pbs,Probabilistically Bounded Staleness for Practical Partial Quorums,https://www.vldb.org/pvldb/vol5/p776_peterbailis_vldb2012.pdf,PVLDB open-access terms,2026-09-11,scholarly paper,official primary paper and targeted model passages inspected,manuscript related work and framing,explicit quantitative bounded-staleness contracts,no
spanner,Spanner: Google's Globally-Distributed Database,https://www.usenix.org/conference/osdi12/technical-sessions/presentation/corbett,USENIX publication terms,2026-09-11,scholarly paper,official proceedings record and targeted primary-paper passages inspected,manuscript related work and framing,globally ordered transactions under bounded clock uncertainty,no
pbft,Practical Byzantine Fault Tolerance,https://www.usenix.org/legacy/events/osdi99/full_papers/castro/castro.pdf,USENIX publication terms,2026-09-11,scholarly paper,official proceedings paper and targeted protocol passages inspected,manuscript related work and framing,Byzantine replicated state-machine agreement as stronger sequencing alternative,no
raft,In Search of an Understandable Consensus Algorithm,https://www.usenix.org/conference/atc14/technical-sessions/presentation/ongaro,USENIX publication terms,2026-09-11,scholarly paper,official proceedings record and targeted primary-paper passages inspected,manuscript related work and framing,crash-fault consensus and replicated-log acknowledgement semantics,no
chainreplication,Chain Replication for Supporting High Throughput and Availability,https://www.usenix.org/legacy/event/osdi04/tech/full_papers/renesse/renesse.pdf,USENIX publication terms,2026-09-11,scholarly paper,official proceedings paper and targeted protocol passages inspected,manuscript related work and framing,strongly consistent replicated service via ordered chain acknowledgement,no
hotstuff,HotStuff: BFT Consensus with Linearity and Responsiveness,https://doi.org/10.1145/3293611.3331591,ACM publication terms,2026-09-11,scholarly paper,publisher DOI record and targeted primary-paper passages inspected,manuscript related work and framing,responsive Byzantine consensus with linear communication,no
cosi,"Keeping Authorities ""Honest or Bust"" with Decentralized Witness Cosigning",https://doi.org/10.1109/SP.2016.38,IEEE publication terms,2026-09-13,scholarly paper,official IEEE symposium record and primary-paper metadata inspected,manuscript related work and mechanism calibration,decentralized witness co-signing of authority statements and its availability/accountability boundary,no
dependabilitytaxonomy,Basic Concepts and Taxonomy of Dependable and Secure Computing,https://doi.org/10.1109/TDSC.2004.2,publisher terms; bibliographic citation only,2026-09-23,scholarly paper,primary publisher or author-institution metadata and abstract checked; no claim of new full-text replication,citation and theoretical context,distinguishing safety integrity and availability objectives,no
byzantinequorums,Byzantine Quorum Systems,https://doi.org/10.1007/s004460050050,publisher terms; bibliographic citation only,2026-09-23,scholarly paper,primary publisher or author-institution metadata and abstract checked; no claim of new full-text replication,citation and theoretical context,"attribution of standard Byzantine quorum intersection, not a claim of novel quorum theory",no
