family,span,order,churn,selector_wire_bytes,cached_status_wire_bytes,scope_delta_wire_bytes,best_fixed_wire_bytes,ratio_to_best_fixed,switched_namespaces,peak_client_state_bytes,peak_scope_authority_state_bytes
public-lock,1,increasing,0,22405,13939,22078,13939,1.607360643,1,7393,827
public-lock,1,increasing,1,22405,16351,22078,16351,1.370252584,1,7393,827
public-lock,1,increasing,4,22469,16374,22142,16374,1.372236472,1,7394,827
public-lock,1,increasing,16,22490,16381,22163,16381,1.372932055,1,7394,827
public-lock,1,decreasing,0,45480,25635,25793,25635,1.774136922,1,32003,1476
public-lock,1,decreasing,1,48390,67351,28800,28800,1.680208333,1,32003,1476
public-lock,1,decreasing,4,48454,67373,28864,28864,1.678700111,1,32004,1476
public-lock,1,decreasing,16,48475,67380,28885,28885,1.678206682,1,32004,1476
public-lock,1,random,0,27460,25232,26690,25232,1.088300571,1,16455,1476
public-lock,1,random,1,29982,50744,29212,29212,1.026359031,1,16455,1476
public-lock,1,random,4,30046,50766,29276,29276,1.026301407,1,16456,1476
public-lock,1,random,16,30069,50776,29298,29298,1.026315789,1,16458,1476
public-lock,1,hot,0,54746,34421,34579,34421,1.590482554,2,32235,1544
public-lock,1,hot,1,60609,217563,40635,40635,1.491546696,2,32236,1544
public-lock,1,hot,4,60707,217597,40733,40733,1.490364078,2,32238,1544
public-lock,1,hot,16,60786,217623,40811,40811,1.489451373,2,32238,1544
public-lock,3,increasing,0,25128,15941,23718,15941,1.576312653,3,7797,922
public-lock,3,increasing,1,25710,17342,24397,17342,1.482527967,3,7797,922
public-lock,3,increasing,4,25710,17342,24397,17342,1.482527967,3,7797,922
public-lock,3,increasing,16,25782,17368,24469,17368,1.484454169,3,7800,922
public-lock,3,decreasing,0,62960,42017,42333,42017,1.498441107,3,32170,1588
public-lock,3,decreasing,1,71108,82613,50772,50772,1.400535728,3,32170,1588
public-lock,3,decreasing,4,71192,82643,50856,50856,1.399874154,3,32173,1588
public-lock,3,decreasing,16,71327,82688,50991,50991,1.398815477,3,32173,1588
public-lock,3,random,0,49090,31478,33015,31478,1.559501874,3,26248,1390
public-lock,3,random,1,53067,50504,38156,38156,1.390790439,3,26248,1390
public-lock,3,random,4,53074,50507,38163,38163,1.390718759,3,26249,1390
public-lock,3,random,16,53199,50550,38288,38288,1.389443168,3,26251,1390
public-lock,3,hot,0,73942,52519,52835,52519,1.407909518,4,32402,1656
public-lock,3,hot,1,85625,234421,64905,64905,1.319235806,4,32403,1656
public-lock,3,hot,4,85761,234469,65041,65041,1.318568288,4,32407,1656
public-lock,3,hot,16,85954,234533,65233,65233,1.317645977,4,32407,1656
public-lock,6,increasing,0,26830,16799,24033,16799,1.597118876,6,8257,1050
public-lock,6,increasing,1,27606,17762,25003,17762,1.554216867,6,8257,1050
public-lock,6,increasing,4,27606,17762,25003,17762,1.554216867,6,8257,1050
public-lock,6,increasing,16,27629,17773,25026,17773,1.554549035,6,8262,1050
public-lock,6,decreasing,0,82891,60298,60851,60298,1.374689044,6,32422,1756
public-lock,6,decreasing,1,96762,99654,75304,75304,1.284951663,6,32422,1756
public-lock,6,decreasing,4,96824,99678,75366,75366,1.284717247,6,32427,1756
public-lock,6,decreasing,16,97107,99773,75649,75649,1.283652130,6,32428,1756
public-lock,6,random,0,55135,41114,48868,41114,1.341027387,6,19992,1756
public-lock,6,random,1,61149,63388,54979,54979,1.112224668,6,19992,1756
public-lock,6,random,4,61149,63388,54979,54979,1.112224668,6,19992,1756
public-lock,6,random,16,61335,63464,55165,55165,1.111846279,6,19998,1756
public-lock,6,hot,0,102739,79666,80219,79666,1.289621670,7,32654,1824
public-lock,6,hot,1,123152,259708,101310,101310,1.215595696,7,32655,1824
public-lock,6,hot,4,123354,259780,101512,101512,1.215166680,7,32662,1824
public-lock,6,hot,16,123700,259895,101857,101857,1.214447706,7,32662,1824
generated,1,increasing,0,21560,12858,21059,12858,1.676777104,1,6465,516
generated,1,increasing,1,21560,18714,21059,18714,1.152078658,1,6465,516
generated,1,increasing,4,21560,18714,21059,18714,1.152078658,1,6465,516
generated,1,increasing,16,21560,18714,21059,18714,1.152078658,1,6465,516
generated,1,decreasing,0,67603,36329,36487,36329,1.860854964,1,53694,1869
generated,1,decreasing,1,70543,131112,39525,39525,1.784769133,1,53694,1869
generated,1,decreasing,4,70543,131112,39525,39525,1.784769133,1,53694,1869
generated,1,decreasing,16,70543,131112,39525,39525,1.784769133,1,53694,1869
generated,1,random,0,38044,28568,31529,28568,1.331699804,1,25723,1454
generated,1,random,1,40004,60560,33489,33489,1.194541491,1,25723,1454
generated,1,random,4,40004,60560,33489,33489,1.194541491,1,25723,1454
generated,1,random,16,40004,60560,33489,33489,1.194541491,1,25723,1454
generated,1,hot,0,76858,45115,45273,45115,1.703601906,2,53915,1937
generated,1,hot,1,82751,394293,51360,51360,1.611195483,2,53916,1937
generated,1,hot,4,82785,394305,51394,51394,1.610791143,2,53917,1937
generated,1,hot,16,82843,394324,51451,51451,1.610133914,2,53917,1937
generated,3,increasing,0,27048,17402,25179,17402,1.554304103,3,7004,628
generated,3,increasing,1,28406,21306,26731,21306,1.333239463,3,7004,628
generated,3,increasing,4,28424,21314,26749,21314,1.333583560,3,7007,628
generated,3,increasing,16,28514,21344,26839,21344,1.335925787,3,7007,628
generated,3,decreasing,0,86735,54364,54680,54364,1.595449194,3,53731,1981
generated,3,decreasing,1,95465,147938,63701,63701,1.498642094,3,53731,1981
generated,3,decreasing,4,95621,147992,63857,63857,1.497423932,3,53734,1981
generated,3,decreasing,16,95711,148022,63947,63947,1.496723849,3,53734,1981
generated,3,random,0,64818,48081,53518,48081,1.348100081,3,34873,1981
generated,3,random,1,70045,90239,59144,59144,1.184312864,3,34874,1981
generated,3,random,4,70156,90284,59255,59255,1.183967598,3,34877,1981
generated,3,random,16,70246,90320,59345,59345,1.183688601,3,34877,1981
generated,3,hot,0,95990,63150,63466,63150,1.520031671,4,53952,2049
generated,3,hot,1,107673,411119,75536,75536,1.425452764,4,53953,2049
generated,3,hot,4,107863,411185,75726,75726,1.424385284,4,53957,2049
generated,3,hot,16,108011,411234,75873,75873,1.423576239,4,53957,2049
generated,6,increasing,0,33312,21978,29212,21978,1.515697516,6,7816,796
generated,6,increasing,1,35834,24122,32316,24122,1.485531880,6,7816,796
generated,6,increasing,4,35834,24122,32316,24122,1.485531880,6,7816,796
generated,6,increasing,16,35939,24161,32421,24161,1.487479823,6,7822,796
generated,6,decreasing,0,115532,81511,82064,81511,1.417379249,6,53982,2149
generated,6,decreasing,1,132992,173225,100106,100106,1.328511778,6,53982,2149
generated,6,decreasing,4,133205,173300,100319,100319,1.327814272,6,53988,2149
generated,6,decreasing,16,133466,173387,100580,100580,1.326963611,6,53988,2149
generated,6,random,0,86402,64639,75253,64639,1.336685283,6,28379,1776
generated,6,random,1,97756,102067,86893,86893,1.125015824,6,28379,1776
generated,6,random,4,97897,102120,87034,87034,1.124813291,6,28385,1776
generated,6,random,16,98158,102221,87295,87295,1.124440117,6,28385,1776
generated,6,hot,0,124787,90297,90850,90297,1.381961748,7,54203,2217
generated,6,hot,1,145200,436406,111941,111941,1.297111871,7,54204,2217
generated,6,hot,4,145447,436493,112188,112188,1.296457732,7,54211,2217
generated,6,hot,16,145766,436599,112506,112506,1.295628678,7,54211,2217
