family,span,update,target_namespace_keys,expected_serve_after_update,prefix_wire_bytes,cached_status_wire_bytes,scope_delta_wire_bytes,prefix_reply_bytes,cached_status_reply_bytes,scope_delta_reply_bytes,prefix_action,cached_status_action,scope_delta_action,scope_conflicts,scope_revoked_keys,scope_revoked_caps
public-lock,1,unrelated-publication,61,True,762,6123,379,703,4664,275,prefix:1,compact:61,renew:causes:0,0,0,0
public-lock,1,artifact-revocation,61,False,538,6124,397,479,4665,293,prefix:1,compact:61,renew:causes:1,0,1,0
public-lock,1,capability-revocation,61,False,534,6184,389,475,4725,285,prefix:1,compact:61,renew:causes:1,0,0,1
public-lock,1,conflicting-publication,61,False,756,6124,397,697,4665,293,prefix:1,compact:61,renew:causes:1,1,0,0
public-lock,3,unrelated-publication,21,True,762,2280,379,703,1744,275,prefix:1,compact:21,renew:causes:0,0,0,0
public-lock,3,artifact-revocation,21,False,536,2281,395,477,1745,291,prefix:1,compact:21,renew:causes:1,0,1,0
public-lock,3,capability-revocation,21,False,534,2301,389,475,1765,285,prefix:1,compact:21,renew:causes:1,0,0,1
public-lock,3,conflicting-publication,21,False,754,2281,395,695,1745,291,prefix:1,compact:21,renew:causes:1,1,0,0
public-lock,6,unrelated-publication,11,True,762,1346,379,703,1014,275,prefix:1,compact:11,renew:causes:0,0,0,0
public-lock,6,artifact-revocation,11,False,543,1347,402,484,1015,298,prefix:1,compact:11,renew:causes:1,0,1,0
public-lock,6,capability-revocation,11,False,534,1357,389,475,1025,285,prefix:1,compact:11,renew:causes:1,0,0,1
public-lock,6,conflicting-publication,11,False,761,1347,402,702,1015,298,prefix:1,compact:11,renew:causes:1,1,0,0
generated,1,unrelated-publication,129,True,765,11481,382,705,9629,277,prefix:1,compact:129,renew:causes:0,0,0,0
generated,1,artifact-revocation,129,False,536,11482,395,476,9630,290,prefix:1,compact:129,renew:causes:1,0,1,0
generated,1,capability-revocation,129,False,537,11610,392,477,9758,287,prefix:1,compact:129,renew:causes:1,0,0,1
generated,1,conflicting-publication,129,False,754,11482,395,694,9630,290,prefix:1,compact:129,renew:causes:1,1,0,0
generated,3,unrelated-publication,43,True,762,4003,379,703,3350,275,prefix:1,compact:43,renew:causes:0,0,0,0
generated,3,artifact-revocation,43,False,533,4004,392,474,3351,288,prefix:1,compact:43,renew:causes:1,0,1,0
generated,3,capability-revocation,43,False,534,4046,389,475,3393,285,prefix:1,compact:43,renew:causes:1,0,0,1
generated,3,conflicting-publication,43,False,751,4004,392,692,3351,288,prefix:1,compact:43,renew:causes:1,1,0,0
generated,6,unrelated-publication,22,True,762,2176,379,703,1817,275,prefix:1,compact:22,renew:causes:0,0,0,0
generated,6,artifact-revocation,22,False,533,2177,392,474,1818,288,prefix:1,compact:22,renew:causes:1,0,1,0
generated,6,capability-revocation,22,False,534,2198,389,475,1839,285,prefix:1,compact:22,renew:causes:1,0,0,1
generated,6,conflicting-publication,22,False,751,2177,392,692,1818,288,prefix:1,compact:22,renew:causes:1,1,0,0
