case,scenario,family,span,policy,nodes,edges,events,recovery_rounds,messages,bytes,drops,rejected_publications,cpu_seconds,elapsed_seconds,peak_rss_kib
case-01,partition,public-lock,1,lww,74,132,86,1,1214,1399379,0,0,0.8991102329999999,0.9015166660000205,101556
case-01,partition,public-lock,1,signed-index,74,132,86,1,1214,1399379,0,0,1.023012018,1.0234655700000985,101940
case-01,partition,public-lock,1,transparency-only,74,132,86,1,1214,1399379,0,0,0.9309944419999998,0.9333751350000057,102196
case-01,partition,public-lock,1,root-only,74,132,86,1,1238,1402133,0,0,1.038279367,1.041765140999928,102324
case-01,partition,public-lock,1,all-namespaces,74,132,86,1,1486,1468153,4,0,1.0330661370000005,1.0347480409999434,102708
case-01,partition,public-lock,1,scoped,74,132,86,1,1278,1416843,0,0,0.9797420649999999,0.9795816099999684,102836
case-01,partition,public-lock,1,status-proof,74,132,86,1,1230,1332955,0,0,0.8988061190000005,0.8977771830000165,103092
case-02,partition,public-lock,3,lww,74,132,86,1,1214,1408038,0,0,0.8917455689999993,0.8921843119999266,103092
case-02,partition,public-lock,3,signed-index,74,132,86,1,1214,1408038,0,0,0.879805793000001,0.8827949650000164,103092
case-02,partition,public-lock,3,transparency-only,74,132,86,1,1214,1408038,0,0,0.9596954220000011,0.9613987730000417,103220
case-02,partition,public-lock,3,root-only,74,132,86,1,1238,1410800,0,0,1.1074722359999996,1.1061313699999573,103348
case-02,partition,public-lock,3,all-namespaces,74,132,86,1,1486,1469324,4,0,1.2276287139999997,1.2292636130000574,103604
case-02,partition,public-lock,3,scoped,74,132,86,1,1326,1431146,0,0,1.015615393000001,1.0138267039999391,103604
case-02,partition,public-lock,3,status-proof,74,132,86,1,1246,1335710,0,0,0.8516851690000014,0.8511357419999968,103732
case-03,partition,public-lock,6,lww,74,132,86,1,1214,1421044,0,0,0.9114377949999999,0.9135812230000511,101168
case-03,partition,public-lock,6,signed-index,74,132,86,1,1214,1421044,0,0,0.835840752,0.8367987059999678,101680
case-03,partition,public-lock,6,transparency-only,74,132,86,1,1214,1421044,0,0,0.8277459620000003,0.8271572580000566,101936
case-03,partition,public-lock,6,root-only,74,132,86,1,1238,1423818,0,0,0.9876491489999997,0.9862128559999519,102192
case-03,partition,public-lock,6,all-namespaces,74,132,86,1,1486,1471092,4,0,1.0715529520000002,1.0745604960000037,102448
case-03,partition,public-lock,6,scoped,74,132,86,1,1390,1451462,2,0,1.083621141,1.0858946399999923,102576
case-03,partition,public-lock,6,status-proof,74,132,86,1,1266,1333874,2,0,0.9756561830000008,0.9765260230000194,102832
case-04,partition,generated,1,lww,142,241,154,1,1350,1917697,0,0,1.295731591000001,1.298820223000007,103088
case-04,partition,generated,1,signed-index,142,241,154,1,1350,1917697,0,0,1.2315935829999987,1.2334340209999937,103216
case-04,partition,generated,1,transparency-only,142,241,154,1,1350,1917697,0,0,1.2466751560000002,1.2457150200000342,103472
case-04,partition,generated,1,root-only,142,241,154,1,1374,1920455,0,0,1.3996228950000003,1.4015113100000463,103728
case-04,partition,generated,1,all-namespaces,142,241,154,1,1622,1986531,4,0,1.5876638920000001,1.5866509450000876,104112
case-04,partition,generated,1,scoped,142,241,154,1,1414,1938325,0,0,1.4236436889999986,1.422363464,104368
case-04,partition,generated,1,status-proof,142,241,154,1,1366,1770997,0,0,1.2925700040000017,1.2939339450000489,104624
case-05,partition,generated,3,lww,142,241,154,1,1350,1925200,0,0,1.1537616540000002,1.1568923789999417,102576
case-05,partition,generated,3,signed-index,142,241,154,1,1350,1925200,0,0,1.1834503509999998,1.1826642479999236,103088
case-05,partition,generated,3,transparency-only,142,241,154,1,1350,1925200,0,0,1.3275872870000005,1.3300185260000035,103344
case-05,partition,generated,3,root-only,142,241,154,1,1374,1927962,0,0,1.5276221779999997,1.5298873010000307,103600
case-05,partition,generated,3,all-namespaces,142,241,154,1,1622,1986486,4,0,1.4760024019999998,1.479793289999975,103984
case-05,partition,generated,3,scoped,142,241,154,1,1462,1951452,0,0,1.3875941210000011,1.3874978329999976,104240
case-05,partition,generated,3,status-proof,142,241,154,1,1382,1772724,0,0,1.3221194129999994,1.3231737020000764,104496
case-06,partition,generated,6,lww,142,241,154,1,1350,1938199,0,0,1.1516564749999993,1.151379785999893,104624
case-06,partition,generated,6,signed-index,142,241,154,1,1350,1938199,0,0,1.159738450999999,1.1596800989999565,104624
case-06,partition,generated,6,transparency-only,142,241,154,1,1350,1938199,0,0,1.2916928859999999,1.2910389280000345,104624
case-06,partition,generated,6,root-only,142,241,154,1,1374,1940973,0,0,1.5035835439999996,1.5032341820000283,104624
case-06,partition,generated,6,all-namespaces,142,241,154,1,1622,1988247,4,0,1.6135700500000016,1.614123726999992,104624
case-06,partition,generated,6,scoped,142,241,154,1,1526,1971761,2,0,1.5556639140000001,1.5583146870000064,104752
case-06,partition,generated,6,status-proof,142,241,154,1,1402,1767751,2,0,1.243653412999997,1.246142524999982,104752
case-07,revocation,public-lock,1,lww,74,132,87,2,1216,1402550,0,0,0.847364573,0.8499029219999557,101172
case-07,revocation,public-lock,1,signed-index,74,132,87,2,1216,1402550,0,0,0.835819192,0.8365863190000482,101684
case-07,revocation,public-lock,1,transparency-only,74,132,87,2,1216,1402550,0,0,0.8437259299999997,0.845917413000052,101940
case-07,revocation,public-lock,1,root-only,74,132,87,2,1240,1405304,0,0,0.9354707380000002,0.9354476780000596,102068
case-07,revocation,public-lock,1,all-namespaces,74,132,87,2,1424,1461632,20,0,0.9956603619999997,0.9952125449999585,102452
case-07,revocation,public-lock,1,scoped,74,132,87,2,1272,1418798,2,0,0.9756943969999998,0.9751095560000067,102580
case-07,revocation,public-lock,1,status-proof,74,132,87,2,1228,1303082,2,0,0.9076210860000007,0.9063510570000517,102836
case-08,revocation,public-lock,3,lww,74,132,87,2,1216,1411183,0,0,0.8397812349999993,0.8383260819999805,102836
case-08,revocation,public-lock,3,signed-index,74,132,87,2,1216,1411183,0,0,0.8596325479999987,0.8590097200000173,102836
case-08,revocation,public-lock,3,transparency-only,74,132,87,2,1216,1411183,0,0,0.8596427240000004,0.8570672500000001,102836
case-08,revocation,public-lock,3,root-only,74,132,87,2,1240,1413945,0,0,1.015905364,1.014397426999949,102964
case-08,revocation,public-lock,3,all-namespaces,74,132,87,2,1424,1462765,20,0,1.079653983,1.077633000999981,103092
case-08,revocation,public-lock,3,scoped,74,132,87,2,1304,1430643,6,0,0.9875963330000008,0.9858045629999879,103092
case-08,revocation,public-lock,3,status-proof,74,132,87,2,1236,1305005,6,0,0.863630787,0.8643328249999058,103092
case-09,revocation,public-lock,6,lww,74,132,87,2,1216,1424280,0,0,0.9302526649999999,0.9326493849999906,101168
case-09,revocation,public-lock,6,signed-index,74,132,87,2,1216,1424280,0,0,0.9075700270000002,0.9071861170000375,101680
case-09,revocation,public-lock,6,transparency-only,74,132,87,2,1216,1424280,0,0,0.935727387,0.9361909839999498,101936
case-09,revocation,public-lock,6,root-only,74,132,87,2,1240,1427054,0,0,0.9609032839999996,0.9636390010000468,102192
case-09,revocation,public-lock,6,all-namespaces,74,132,87,2,1424,1464618,20,0,1.0427391130000006,1.0446225900000172,102448
case-09,revocation,public-lock,6,scoped,74,132,87,2,1360,1449834,10,0,1.0468855780000004,1.0487889830000086,102576
case-09,revocation,public-lock,6,status-proof,74,132,87,2,1252,1313553,10,0,0.8476974159999999,0.8477950849999161,102832
case-10,revocation,generated,1,lww,142,241,155,2,1352,1920815,0,0,1.1595164700000007,1.157602734999955,103216
case-10,revocation,generated,1,signed-index,142,241,155,2,1352,1920815,0,0,1.187576524999999,1.1886374959999557,103216
case-10,revocation,generated,1,transparency-only,142,241,155,2,1352,1920815,0,0,1.2236853640000014,1.2276627059999328,103472
case-10,revocation,generated,1,root-only,142,241,155,2,1376,1923573,0,0,1.411531115999999,1.4141790800000535,103728
case-10,revocation,generated,1,all-namespaces,142,241,155,2,1560,1979951,20,0,1.616789271,1.61841974999993,104112
case-10,revocation,generated,1,scoped,142,241,155,2,1408,1940221,2,0,1.395722233999999,1.395564302999901,104240
case-10,revocation,generated,1,status-proof,142,241,155,2,1364,1719789,2,0,1.2035551659999975,1.2041178350000337,104496
case-11,revocation,generated,3,lww,142,241,155,2,1352,1928306,0,0,1.1192740350000001,1.1261141859999952,102580
case-11,revocation,generated,3,signed-index,142,241,155,2,1352,1928306,0,0,1.1316187370000002,1.1336604599999873,103092
case-11,revocation,generated,3,transparency-only,142,241,155,2,1352,1928306,0,0,1.3068163950000002,1.3083994469999425,103348
case-11,revocation,generated,3,root-only,142,241,155,2,1376,1931068,0,0,1.37962396,1.3808488749999697,103604
case-11,revocation,generated,3,all-namespaces,142,241,155,2,1560,1979888,20,0,1.5956765700000002,1.5960598799999843,103988
case-11,revocation,generated,3,scoped,142,241,155,2,1440,1950910,6,0,1.5194497569999994,1.5202163279999468,104244
case-11,revocation,generated,3,status-proof,142,241,155,2,1372,1720699,6,0,1.2235415759999988,1.2223481460000585,104500
case-12,revocation,generated,6,lww,142,241,155,2,1352,1941305,0,0,1.3326461639999998,1.3465499049999607,104628
case-12,revocation,generated,6,signed-index,142,241,155,2,1352,1941305,0,0,1.2133988480000006,1.2171120649999239,104628
case-12,revocation,generated,6,transparency-only,142,241,155,2,1352,1941305,0,0,1.3075987260000002,1.309714526000107,104628
case-12,revocation,generated,6,root-only,142,241,155,2,1376,1944079,0,0,1.4796480489999997,1.4796247099999391,104628
case-12,revocation,generated,6,all-namespaces,142,241,155,2,1560,1981643,20,0,1.531447665,1.532706067999925,104756
case-12,revocation,generated,6,scoped,142,241,155,2,1496,1970003,10,0,1.595547688,1.5953620569999885,104756
case-12,revocation,generated,6,status-proof,142,241,155,2,1388,1732746,10,0,1.2995254430000003,1.3019889089999879,104756
case-13,grant_revocation,public-lock,1,lww,74,132,87,2,1216,1402498,0,0,0.8317915410000001,0.8348433260000547,101168
case-13,grant_revocation,public-lock,1,signed-index,74,132,87,2,1216,1402498,0,0,0.8278416759999998,0.8280941799999937,101680
case-13,grant_revocation,public-lock,1,transparency-only,74,132,87,2,1216,1402498,0,0,0.887582842,0.8869566189999887,101936
case-13,grant_revocation,public-lock,1,root-only,74,132,87,2,1240,1405252,0,0,0.9517234129999999,0.9492276630001015,102192
case-13,grant_revocation,public-lock,1,all-namespaces,74,132,87,2,1424,1461580,20,0,1.074469595,1.078062722000027,102448
case-13,grant_revocation,public-lock,1,scoped,74,132,87,2,1272,1418746,2,0,1.0676910839999998,1.0712262889999238,102576
case-13,grant_revocation,public-lock,1,status-proof,74,132,87,2,1228,1303094,2,0,0.8717855950000004,0.8744749429999956,102832
case-14,grant_revocation,public-lock,3,lww,74,132,87,2,1216,1411157,0,0,0.9158517039999996,0.9167990170000166,102832
case-14,grant_revocation,public-lock,3,signed-index,74,132,87,2,1216,1411157,0,0,0.9556981740000001,0.9559712640000271,102832
case-14,grant_revocation,public-lock,3,transparency-only,74,132,87,2,1216,1411157,0,0,0.9276590900000006,0.9264943200000744,102832
case-14,grant_revocation,public-lock,3,root-only,74,132,87,2,1240,1413919,0,0,0.991701677,0.9903018910000583,102832
case-14,grant_revocation,public-lock,3,all-namespaces,74,132,87,2,1424,1462739,20,0,1.0756593180000014,1.077658016999976,102832
case-14,grant_revocation,public-lock,3,scoped,74,132,87,2,1304,1430617,6,0,1.0276292910000002,1.0258503879999807,102832
case-14,grant_revocation,public-lock,3,status-proof,74,132,87,2,1236,1305001,6,0,0.915170830000001,0.9159789829999454,102960
case-15,grant_revocation,public-lock,6,lww,74,132,87,2,1216,1424163,0,0,0.955847917,0.9572919669999465,101172
case-15,grant_revocation,public-lock,6,signed-index,74,132,87,2,1216,1424163,0,0,0.875825056,0.873811210000099,101684
case-15,grant_revocation,public-lock,6,transparency-only,74,132,87,2,1216,1424163,0,0,0.8527803550000002,0.8562050000000454,101940
case-15,grant_revocation,public-lock,6,root-only,74,132,87,2,1240,1426937,0,0,0.9478074530000002,0.9461267670000097,102196
case-15,grant_revocation,public-lock,6,all-namespaces,74,132,87,2,1424,1464501,20,0,1.0236099369999998,1.0214903950000007,102452
case-15,grant_revocation,public-lock,6,scoped,74,132,87,2,1360,1449717,10,0,1.027706244,1.0267627030000313,102708
case-15,grant_revocation,public-lock,6,status-proof,74,132,87,2,1252,1313455,10,0,0.8556875929999999,0.8570858639999415,102836
case-16,grant_revocation,generated,1,lww,142,241,155,2,1352,1920828,0,0,1.1756610909999994,1.1786841099999492,103092
case-16,grant_revocation,generated,1,signed-index,142,241,155,2,1352,1920828,0,0,1.159664684000001,1.1597952920000125,103220
case-16,grant_revocation,generated,1,transparency-only,142,241,155,2,1352,1920828,0,0,1.2556528090000008,1.2569124340000144,103476
case-16,grant_revocation,generated,1,root-only,142,241,155,2,1376,1923586,0,0,1.3835666999999994,1.3863291239999853,103732
case-16,grant_revocation,generated,1,all-namespaces,142,241,155,2,1560,1979964,20,0,1.4235795880000008,1.423748367999906,104116
case-16,grant_revocation,generated,1,scoped,142,241,155,2,1408,1940234,2,0,1.339682165000001,1.3388167150000072,104244
case-16,grant_revocation,generated,1,status-proof,142,241,155,2,1364,1719929,2,0,1.204753298,1.2208659840000564,104628
case-17,grant_revocation,generated,3,lww,142,241,155,2,1352,1928319,0,0,1.088804112,1.0915633849999722,102568
case-17,grant_revocation,generated,3,signed-index,142,241,155,2,1352,1928319,0,0,1.083667421,1.0819618479999917,103080
case-17,grant_revocation,generated,3,transparency-only,142,241,155,2,1352,1928319,0,0,1.2237166430000004,1.2245720910000273,103336
case-17,grant_revocation,generated,3,root-only,142,241,155,2,1376,1931081,0,0,1.3516392450000003,1.3503394710000975,103592
case-17,grant_revocation,generated,3,all-namespaces,142,241,155,2,1560,1979901,20,0,1.4035622619999994,1.4060463819999995,103976
case-17,grant_revocation,generated,3,scoped,142,241,155,2,1440,1950923,6,0,1.3955569890000001,1.3934590839999146,104232
case-17,grant_revocation,generated,3,status-proof,142,241,155,2,1372,1720753,6,0,1.16372037,1.1614949929999057,104488
case-18,grant_revocation,generated,6,lww,142,241,155,2,1352,1941318,0,0,1.1597238399999998,1.1593694740000728,104488
case-18,grant_revocation,generated,6,signed-index,142,241,155,2,1352,1941318,0,0,1.1597759429999996,1.1592173459999913,104616
case-18,grant_revocation,generated,6,transparency-only,142,241,155,2,1352,1941318,0,0,1.2419609200000004,1.2402958399999306,104616
case-18,grant_revocation,generated,6,root-only,142,241,155,2,1376,1944092,0,0,1.3399105569999996,1.342379942999969,104616
case-18,grant_revocation,generated,6,all-namespaces,142,241,155,2,1560,1981656,20,0,1.519878069999999,1.522177311000064,104616
case-18,grant_revocation,generated,6,scoped,142,241,155,2,1496,1970016,10,0,1.4276392820000012,1.4285131840000531,104744
case-18,grant_revocation,generated,6,status-proof,142,241,155,2,1388,1732779,10,0,1.2037700740000012,1.2033774720000565,104744
case-19,transfer,public-lock,1,lww,74,132,89,2,1226,1481790,0,1,0.8622819960000001,0.8636838030000717,101300
case-19,transfer,public-lock,1,signed-index,74,132,89,2,1226,1481790,0,1,0.871695584,0.8733958419999226,101684
case-19,transfer,public-lock,1,transparency-only,74,132,89,2,1226,1481790,0,1,0.8796511140000001,0.8800306899998986,101940
case-19,transfer,public-lock,1,root-only,74,132,89,2,1262,1485860,0,1,0.9597763740000005,0.9607118669999863,102196
case-19,transfer,public-lock,1,all-namespaces,74,132,89,2,1578,1578532,20,1,1.091546675,1.0921665319999647,102452
case-19,transfer,public-lock,1,scoped,74,132,89,2,1302,1499794,2,1,1.0235892450000001,1.0240146050000476,102708
case-19,transfer,public-lock,1,status-proof,74,132,89,2,1242,1313442,2,1,0.8516489810000003,0.8523119360000919,102964
case-20,transfer,public-lock,3,lww,74,132,89,2,1226,1447607,0,1,0.9516883590000003,0.9490139119999412,102964
case-20,transfer,public-lock,3,signed-index,74,132,89,2,1226,1447607,0,1,0.9077700340000003,0.9088605270000016,102964
case-20,transfer,public-lock,3,transparency-only,74,132,89,2,1226,1447607,0,1,0.8958719530000003,0.8953848639999933,102964
case-20,transfer,public-lock,3,root-only,74,132,89,2,1262,1451689,0,1,1.0037645700000013,1.0059345050000275,102964
case-20,transfer,public-lock,3,all-namespaces,74,132,89,2,1578,1579727,20,1,1.1636502110000002,1.1634167270000262,102964
case-20,transfer,public-lock,3,scoped,74,132,89,2,1334,1468827,6,1,1.0276099429999999,1.030934474999981,102964
case-20,transfer,public-lock,3,status-proof,74,132,89,2,1250,1315389,6,1,0.8997511229999997,0.9013558169999669,102964
case-21,transfer,public-lock,6,lww,74,132,89,2,1226,1450521,0,1,0.8685612060000001,0.8701977279999937,101300
case-21,transfer,public-lock,6,signed-index,74,132,89,2,1226,1450521,0,1,0.8730460480000002,0.8742472959999077,101684
case-21,transfer,public-lock,6,transparency-only,74,132,89,2,1226,1450521,0,1,0.8837436849999998,0.8835639459999811,101940
case-21,transfer,public-lock,6,root-only,74,132,89,2,1262,1454621,0,1,1.003574581,1.0027237350000178,102196
case-21,transfer,public-lock,6,all-namespaces,74,132,89,2,1578,1581543,20,1,1.1514193850000005,1.1538138739999795,102452
case-21,transfer,public-lock,6,scoped,74,132,89,2,1390,1477841,10,1,1.0996843599999995,1.0988119820000293,102708
case-21,transfer,public-lock,6,status-proof,74,132,89,2,1266,1323853,10,1,0.875618148,0.8787202720000096,102836
case-22,transfer,generated,1,lww,142,241,157,2,1362,2062360,0,1,1.223798135,1.2241402810000181,103092
case-22,transfer,generated,1,signed-index,142,241,157,2,1362,2062360,0,1,1.2558526099999998,1.2533158649999905,103220
case-22,transfer,generated,1,transparency-only,142,241,157,2,1362,2062360,0,1,1.334743907,1.336149780000028,103604
case-22,transfer,generated,1,root-only,142,241,157,2,1398,2066442,0,1,1.5478127789999991,1.5498937849999948,103860
case-22,transfer,generated,1,all-namespaces,142,241,157,2,1714,2159164,20,1,1.7075294590000016,1.7053976390000116,104244
case-22,transfer,generated,1,scoped,142,241,157,2,1438,2083530,2,1,1.6195173989999994,1.618347463999953,104500
case-22,transfer,generated,1,status-proof,142,241,157,2,1378,1730233,2,1,1.2156127199999993,1.2163015409998934,104756
case-23,transfer,generated,3,lww,142,241,157,2,1362,1984955,0,1,1.201747607,1.204838885000072,102704
case-23,transfer,generated,3,signed-index,142,241,157,2,1362,1984955,0,1,1.1874175890000003,1.1883454769999844,103088
case-23,transfer,generated,3,transparency-only,142,241,157,2,1362,1984955,0,1,1.2476702949999998,1.24813401099982,103472
case-23,transfer,generated,3,root-only,142,241,157,2,1398,1989037,0,1,1.4756290060000001,1.4765055169998504,103728
case-23,transfer,generated,3,all-namespaces,142,241,157,2,1714,2159011,20,1,1.5835731619999995,1.587201771999844,104112
case-23,transfer,generated,3,scoped,142,241,157,2,1470,2009319,6,1,1.427624648,1.4297837259998687,104368
case-23,transfer,generated,3,status-proof,142,241,157,2,1386,1731119,6,1,1.1996515639999998,1.1994148549999863,104624
case-24,transfer,generated,6,lww,142,241,157,2,1362,1977368,0,1,1.1997439169999993,1.1988243460000376,104624
case-24,transfer,generated,6,signed-index,142,241,157,2,1362,1977368,0,1,1.243642554000001,1.2424672810000175,104752
case-24,transfer,generated,6,transparency-only,142,241,157,2,1362,1977368,0,1,1.2277086190000013,1.230275698000014,104752
case-24,transfer,generated,6,root-only,142,241,157,2,1398,1981468,0,1,1.480612873,1.4960837930000253,104752
case-24,transfer,generated,6,all-namespaces,142,241,157,2,1714,2160820,20,1,1.603580473000001,1.6039985669999623,104752
case-24,transfer,generated,6,scoped,142,241,157,2,1526,2007832,10,1,1.4915758859999997,1.4908813389999978,104880
case-24,transfer,generated,6,status-proof,142,241,157,2,1402,1743166,10,1,1.251740685999998,1.2519677769998907,104880
case-25,equivocation,public-lock,1,lww,74,132,87,2,1216,1405358,0,0,0.883315136,0.8848409330000777,101168
case-25,equivocation,public-lock,1,signed-index,74,132,87,2,1216,1405358,0,0,0.8716630630000002,0.8740968039999188,101680
case-25,equivocation,public-lock,1,transparency-only,74,132,87,2,1216,1405358,0,0,0.8667239980000003,0.8704957800000557,101936
case-25,equivocation,public-lock,1,root-only,74,132,87,2,1240,1408112,0,0,0.9997447020000001,0.999854355000025,102064
case-25,equivocation,public-lock,1,all-namespaces,74,132,87,2,1424,1464440,20,0,1.1475662819999997,1.1512118050000026,102448
case-25,equivocation,public-lock,1,scoped,74,132,87,2,1272,1421606,2,0,1.0995460379999997,1.1011933229999613,102576
case-25,equivocation,public-lock,1,status-proof,74,132,87,2,1228,1305674,2,0,0.8927225859999997,0.8937284730000101,102832
case-26,equivocation,public-lock,3,lww,74,132,87,2,1216,1413991,0,0,0.9198604609999999,0.921366326999987,102832
case-26,equivocation,public-lock,3,signed-index,74,132,87,2,1216,1413991,0,0,0.8917508099999996,0.8933835129998897,102832
case-26,equivocation,public-lock,3,transparency-only,74,132,87,2,1216,1413991,0,0,0.8636849630000007,0.8650769910000236,102832
case-26,equivocation,public-lock,3,root-only,74,132,87,2,1240,1416753,0,0,1.0396489540000005,1.0411013489999732,102832
case-26,equivocation,public-lock,3,all-namespaces,74,132,87,2,1424,1465573,20,0,1.0955371459999999,1.0963421269998435,102832
case-26,equivocation,public-lock,3,scoped,74,132,87,2,1304,1433451,6,0,1.0075437810000007,1.0083443189998889,102832
case-26,equivocation,public-lock,3,status-proof,74,132,87,2,1236,1307597,6,0,0.8963591520000005,0.8990588579999894,102960
case-27,equivocation,public-lock,6,lww,74,132,87,2,1216,1427088,0,0,0.9054505230000001,0.9067035069999747,101296
case-27,equivocation,public-lock,6,signed-index,74,132,87,2,1216,1427088,0,0,0.8396965379999999,0.8406852279999839,101680
case-27,equivocation,public-lock,6,transparency-only,74,132,87,2,1216,1427088,0,0,0.8316404750000004,0.8328674150000097,101936
case-27,equivocation,public-lock,6,root-only,74,132,87,2,1240,1429862,0,0,0.9637479190000002,0.9640162410000812,102192
case-27,equivocation,public-lock,6,all-namespaces,74,132,87,2,1424,1467426,20,0,1.15275792,1.1659450829999969,102448
case-27,equivocation,public-lock,6,scoped,74,132,87,2,1360,1452642,10,0,1.0953593910000006,1.0964125749999312,102704
case-27,equivocation,public-lock,6,status-proof,74,132,87,2,1252,1316145,10,0,0.9109992720000006,0.9138917500001753,102832
case-28,equivocation,generated,1,lww,142,241,155,2,1352,1923623,0,0,1.1835601059999998,1.183849212000041,102960
case-28,equivocation,generated,1,signed-index,142,241,155,2,1352,1923623,0,0,1.2116172209999991,1.2104361259998768,103216
case-28,equivocation,generated,1,transparency-only,142,241,155,2,1352,1923623,0,0,1.2794175939999999,1.2790576329998657,103472
case-28,equivocation,generated,1,root-only,142,241,155,2,1376,1926381,0,0,1.4315932759999992,1.434746989000132,103600
case-28,equivocation,generated,1,all-namespaces,142,241,155,2,1560,1982759,20,0,1.5357236669999992,1.5360503580000113,103984
case-28,equivocation,generated,1,scoped,142,241,155,2,1408,1943029,2,0,1.4636885500000005,1.462916820000146,104112
case-28,equivocation,generated,1,status-proof,142,241,155,2,1364,1722381,2,0,1.2198023669999998,1.2196772090001105,104368
case-29,equivocation,generated,3,lww,142,241,155,2,1352,1931114,0,0,1.2441964159999999,1.2468431600000258,102576
case-29,equivocation,generated,3,signed-index,142,241,155,2,1352,1931114,0,0,1.291656487,1.2919455650001055,103088
case-29,equivocation,generated,3,transparency-only,142,241,155,2,1352,1931114,0,0,1.303613613,1.3026981149998846,103344
case-29,equivocation,generated,3,root-only,142,241,155,2,1376,1933876,0,0,1.4797427900000004,1.4832474070001354,103600
case-29,equivocation,generated,3,all-namespaces,142,241,155,2,1560,1982696,20,0,1.4558069929999995,1.4596092659999158,103984
case-29,equivocation,generated,3,scoped,142,241,155,2,1440,1953718,6,0,1.3797381070000005,1.3793410729999778,104240
case-29,equivocation,generated,3,status-proof,142,241,155,2,1372,1723291,6,0,1.331820208,1.3327104980000968,104496
case-30,equivocation,generated,6,lww,142,241,155,2,1352,1944113,0,0,1.295714534,1.2936514230000284,104496
case-30,equivocation,generated,6,signed-index,142,241,155,2,1352,1944113,0,0,1.315770659,1.3140498830000524,104624
case-30,equivocation,generated,6,transparency-only,142,241,155,2,1352,1944113,0,0,1.2433923449999984,1.2449584179998965,104624
case-30,equivocation,generated,6,root-only,142,241,155,2,1376,1946887,0,0,1.5020283120000002,1.5042970139998033,104624
case-30,equivocation,generated,6,all-namespaces,142,241,155,2,1560,1984451,20,0,1.5435145110000015,1.5462240800000018,104624
case-30,equivocation,generated,6,scoped,142,241,155,2,1496,1972811,10,0,1.4854480559999992,1.4879336509998211,104752
case-30,equivocation,generated,6,status-proof,142,241,155,2,1388,1735338,10,0,1.2036885810000015,1.2031870830001026,104752
case-31,missing,public-lock,1,lww,74,132,87,1,1216,1406773,0,0,0.8905828289999999,0.8924494660000164,101168
case-31,missing,public-lock,1,signed-index,74,132,87,1,1216,1406773,0,0,0.875153609,0.8770358409999517,101680
case-31,missing,public-lock,1,transparency-only,74,132,87,1,1216,1406773,0,0,0.8589290809999999,0.8618658880000112,101936
case-31,missing,public-lock,1,root-only,74,132,87,1,1240,1409527,0,0,0.9351328149999998,0.9361667200000738,102064
case-31,missing,public-lock,1,all-namespaces,74,132,87,1,1424,1465855,20,0,1.0917679820000004,1.0952460590001465,102448
case-31,missing,public-lock,1,scoped,74,132,87,1,1272,1423261,2,0,1.0318431190000004,1.0302973909999764,102576
case-31,missing,public-lock,1,status-proof,74,132,87,1,1228,1306882,2,0,0.8545730540000003,0.8578339189998587,102832
case-32,missing,public-lock,3,lww,74,132,87,1,1216,1415432,0,0,0.8397304530000005,0.8426750840001205,102832
case-32,missing,public-lock,3,signed-index,74,132,87,1,1216,1415432,0,0,0.8677131540000005,0.8655985630000487,102832
case-32,missing,public-lock,3,transparency-only,74,132,87,1,1216,1415432,0,0,0.8276648099999999,0.8294164969997837,102832
case-32,missing,public-lock,3,root-only,74,132,87,1,1240,1418194,0,0,0.9796269990000006,0.9831851239998741,103088
case-32,missing,public-lock,3,all-namespaces,74,132,87,1,1424,1467014,20,0,1.022525688,1.0215892920000442,103088
case-32,missing,public-lock,3,scoped,74,132,87,1,1304,1435132,6,0,0.9637867090000007,0.9620186410002134,103088
case-32,missing,public-lock,3,status-proof,74,132,87,1,1236,1308829,6,0,0.8797650169999987,0.8808170180000161,103088
case-33,missing,public-lock,6,lww,74,132,87,1,1216,1428438,0,0,0.889212508,0.891135075999955,101164
case-33,missing,public-lock,6,signed-index,74,132,87,1,1216,1428438,0,0,0.8278446210000001,0.8280343650001214,101676
case-33,missing,public-lock,6,transparency-only,74,132,87,1,1216,1428438,0,0,0.8515855880000003,0.8515385529999548,101932
case-33,missing,public-lock,6,root-only,74,132,87,1,1240,1431212,0,0,1.0072055419999995,1.009008637999841,102188
case-33,missing,public-lock,6,all-namespaces,74,132,87,1,1424,1468776,20,0,1.0595534520000003,1.0606288090000362,102444
case-33,missing,public-lock,6,scoped,74,132,87,1,1360,1454232,10,0,1.1035501510000003,1.106188844999906,102572
case-33,missing,public-lock,6,status-proof,74,132,87,1,1252,1317293,10,0,0.8636591420000004,0.8632059249998747,102828
case-34,missing,generated,1,lww,142,241,155,1,1352,1925091,0,0,1.2674720879999999,1.269673530999853,103084
case-34,missing,generated,1,signed-index,142,241,155,1,1352,1925091,0,0,1.263657975000001,1.2635070070000438,103212
case-34,missing,generated,1,transparency-only,142,241,155,1,1352,1925091,0,0,1.1596056019999992,1.158369157999914,103468
case-34,missing,generated,1,root-only,142,241,155,1,1376,1927849,0,0,1.3396695549999986,1.340334342999995,103724
case-34,missing,generated,1,all-namespaces,142,241,155,1,1560,1984227,20,0,1.423572084,1.4230461949998698,103980
case-34,missing,generated,1,scoped,142,241,155,1,1408,1944737,2,0,1.35568226,1.353606599000159,104108
case-34,missing,generated,1,status-proof,142,241,155,1,1364,1723638,2,0,1.1637627770000005,1.1650670980000086,104492
case-35,missing,generated,3,lww,142,241,155,1,1352,1932594,0,0,1.257296485,1.2581818280000334,102576
case-35,missing,generated,3,signed-index,142,241,155,1,1352,1932594,0,0,1.227695003,1.2287887709999268,103088
case-35,missing,generated,3,transparency-only,142,241,155,1,1352,1932594,0,0,1.4434330340000003,1.4423399869999685,103344
case-35,missing,generated,3,root-only,142,241,155,1,1376,1935356,0,0,1.489083474,1.4920361570000296,103600
case-35,missing,generated,3,all-namespaces,142,241,155,1,1560,1984176,20,0,1.7201904349999992,1.7215193770000496,103984
case-35,missing,generated,3,scoped,142,241,155,1,1440,1955438,6,0,1.5876100639999997,1.5884822309999436,104240
case-35,missing,generated,3,status-proof,142,241,155,1,1372,1724559,6,0,1.2076235010000005,1.2059461880000981,104496
case-36,missing,generated,6,lww,142,241,155,1,1352,1945593,0,0,1.3036122540000008,1.3030806430001576,104624
case-36,missing,generated,6,signed-index,142,241,155,1,1352,1945593,0,0,1.2527360099999996,1.257186694999973,104624
case-36,missing,generated,6,transparency-only,142,241,155,1,1352,1945593,0,0,1.155647848000001,1.1541591579998567,104624
case-36,missing,generated,6,root-only,142,241,155,1,1376,1948367,0,0,1.3476319860000014,1.34732099200005,104624
case-36,missing,generated,6,all-namespaces,142,241,155,1,1560,1985931,20,0,1.523545261999999,1.5242607430000135,104752
case-36,missing,generated,6,scoped,142,241,155,1,1496,1974531,10,0,1.4836304160000005,1.482983398999977,104752
case-36,missing,generated,6,status-proof,142,241,155,1,1388,1736606,10,0,1.2476859430000005,1.244909301000007,104752
case-37,malformed,public-lock,1,lww,74,132,88,1,1220,1313608,0,1,0.9529813149999999,0.9537563240000964,101164
case-37,malformed,public-lock,1,signed-index,74,132,88,1,1220,1313608,0,1,0.8917249049999998,0.890952144000039,101548
case-37,malformed,public-lock,1,transparency-only,74,132,88,1,1220,1313608,0,1,0.9157693949999999,0.916317774999925,101804
case-37,malformed,public-lock,1,root-only,74,132,88,1,1244,1316362,0,1,0.9713774069999999,0.9726273310000124,102060
case-37,malformed,public-lock,1,all-namespaces,74,132,88,1,1428,1472749,20,1,1.0716501469999997,1.0745589549999295,102444
case-37,malformed,public-lock,1,scoped,74,132,88,1,1266,1320572,0,1,1.047699477,1.0509340280000288,102572
case-37,malformed,public-lock,1,status-proof,74,132,88,1,1230,1291568,0,1,0.8797931369999992,0.8781384520000302,102828
case-38,malformed,public-lock,3,lww,74,132,88,1,1220,1316597,0,1,0.8677084560000008,0.8670960249999098,102828
case-38,malformed,public-lock,3,signed-index,74,132,88,1,1220,1316597,0,1,0.9955520870000001,0.9981393760001538,102828
case-38,malformed,public-lock,3,transparency-only,74,132,88,1,1220,1316597,0,1,0.9076437170000009,0.9087082529999861,102828
case-38,malformed,public-lock,3,root-only,74,132,88,1,1244,1319359,0,1,0.995697826999999,0.9939952040001572,102828
case-38,malformed,public-lock,3,all-namespaces,74,132,88,1,1428,1473908,20,1,1.1686049260000004,1.1881576289999884,102828
case-38,malformed,public-lock,3,scoped,74,132,88,1,1278,1324903,0,1,0.9315588909999999,0.9315598369998952,102828
case-38,malformed,public-lock,3,status-proof,74,132,88,1,1234,1293079,0,1,0.8597910100000004,0.8598634619997938,102956
case-39,malformed,public-lock,6,lww,74,132,88,1,1220,1321098,0,1,0.846923451,0.8502045590000762,101164
case-39,malformed,public-lock,6,signed-index,74,132,88,1,1220,1321098,0,1,0.8237646790000002,0.8217469979999805,101548
case-39,malformed,public-lock,6,transparency-only,74,132,88,1,1220,1321098,0,1,0.8436196890000001,0.8415807689998474,101804
case-39,malformed,public-lock,6,root-only,74,132,88,1,1244,1323872,0,1,0.8957013139999996,0.8960520180000913,102060
case-39,malformed,public-lock,6,all-namespaces,74,132,88,1,1428,1475670,20,1,1.0076641759999996,1.006550556999855,102444
case-39,malformed,public-lock,6,scoped,74,132,88,1,1296,1331432,0,1,0.9957290560000001,0.9954211300000679,102572
case-39,malformed,public-lock,6,status-proof,74,132,88,1,1240,1295363,0,1,0.9157355480000007,0.9164159970000583,102828
case-40,malformed,generated,1,lww,142,241,156,1,1356,1738611,0,1,1.1398539569999988,1.1412824590001946,102828
case-40,malformed,generated,1,signed-index,142,241,156,1,1356,1738611,0,1,1.143639739000001,1.1433920980000494,103084
case-40,malformed,generated,1,transparency-only,142,241,156,1,1356,1738611,0,1,1.2435526160000006,1.2422880940000596,103340
case-40,malformed,generated,1,root-only,142,241,156,1,1380,1741369,0,1,1.2796719960000011,1.2813772350000363,103596
case-40,malformed,generated,1,all-namespaces,142,241,156,1,1564,1991121,20,1,1.4844687080000014,1.4902712419998352,104108
case-40,malformed,generated,1,scoped,142,241,156,1,1402,1746369,0,1,1.207572320999999,1.207251475000021,104236
case-40,malformed,generated,1,status-proof,142,241,156,1,1366,1696535,0,1,1.2196750089999995,1.2224755540000842,104492
case-41,malformed,generated,3,lww,142,241,156,1,1356,1740543,0,1,1.207584861,1.2179884510001102,102448
case-41,malformed,generated,3,signed-index,142,241,156,1,1356,1740543,0,1,1.1716778569999997,1.1713571580000917,102832
case-41,malformed,generated,3,transparency-only,142,241,156,1,1356,1740543,0,1,1.191628443,1.1931412160001855,103216
case-41,malformed,generated,3,root-only,142,241,156,1,1380,1743305,0,1,1.231648282,1.2289400399999977,103472
case-41,malformed,generated,3,all-namespaces,142,241,156,1,1564,1991070,20,1,1.5004976080000008,1.5162564870001916,103984
case-41,malformed,generated,3,scoped,142,241,156,1,1414,1749635,0,1,1.2676312999999997,1.2709056409998993,104112
case-41,malformed,generated,3,status-proof,142,241,156,1,1370,1697021,0,1,1.2796128399999986,1.2805354279998937,104496
case-42,malformed,generated,6,lww,142,241,156,1,1356,1745037,0,1,1.1397426500000005,1.1405550609999864,104624
case-42,malformed,generated,6,signed-index,142,241,156,1,1356,1745037,0,1,1.1635536260000006,1.165897717000007,104624
case-42,malformed,generated,6,transparency-only,142,241,156,1,1356,1745037,0,1,1.143650083999999,1.1417400160000852,104624
case-42,malformed,generated,6,root-only,142,241,156,1,1380,1747811,0,1,1.2752701650000002,1.2768085779998728,104752
case-42,malformed,generated,6,all-namespaces,142,241,156,1,1564,1992825,20,1,1.5316256890000002,1.5301561929998115,104752
case-42,malformed,generated,6,scoped,142,241,156,1,1432,1756157,0,1,1.2235989180000004,1.224134241999991,104752
case-42,malformed,generated,6,status-proof,142,241,156,1,1376,1699298,0,1,1.2436776819999977,1.2419110289999935,104880
case-43,rollback,public-lock,1,lww,74,132,87,1,1484,1666401,0,0,1.0780035999999997,1.0814280189999863,101296
case-43,rollback,public-lock,1,signed-index,74,132,87,1,1484,1666401,0,0,1.0876942379999999,1.0904000120001456,101808
case-43,rollback,public-lock,1,transparency-only,74,132,87,1,1484,1666401,0,0,1.0796033640000005,1.07880937799996,102064
case-43,rollback,public-lock,1,root-only,74,132,87,1,1514,1669806,0,0,1.1555993929999993,1.155899133000048,102320
case-43,rollback,public-lock,1,all-namespaces,74,132,87,1,1764,1742833,20,0,1.251347258,1.2546224540001276,102704
case-43,rollback,public-lock,1,scoped,74,132,87,1,1556,1686940,2,0,1.1154680479999994,1.116336347000015,102960
case-43,rollback,public-lock,1,status-proof,74,132,87,1,1500,1550069,2,0,1.0355392419999996,1.0372664970000187,103216
case-44,rollback,public-lock,3,lww,74,132,87,1,1484,1677196,0,0,0.9993638859999994,0.9989738979998037,103216
case-44,rollback,public-lock,3,signed-index,74,132,87,1,1484,1677196,0,0,1.0876055139999998,1.0861495680001099,103216
case-44,rollback,public-lock,3,transparency-only,74,132,87,1,1484,1677196,0,0,1.0880397239999997,1.0894040020000375,103216
case-44,rollback,public-lock,3,root-only,74,132,87,1,1514,1680611,0,0,1.11960676,1.1209248949999164,103216
case-44,rollback,public-lock,3,all-namespaces,74,132,87,1,1764,1744256,20,0,1.2159958119999992,1.2175833859998875,103216
case-44,rollback,public-lock,3,scoped,74,132,87,1,1600,1702283,6,0,1.1874666420000004,1.189980328999809,103216
case-44,rollback,public-lock,3,status-proof,74,132,87,1,1512,1552678,6,0,1.1375224540000008,1.1428946099999848,103216
case-45,rollback,public-lock,6,lww,74,132,87,1,1484,1693566,0,0,1.0389214889999998,1.0411936760001481,101300
case-45,rollback,public-lock,6,signed-index,74,132,87,1,1484,1693566,0,0,1.02369414,1.0235212019999835,101812
case-45,rollback,public-lock,6,transparency-only,74,132,87,1,1484,1693566,0,0,1.003593666,1.003368847000047,102068
case-45,rollback,public-lock,6,root-only,74,132,87,1,1514,1696996,0,0,1.239579456,1.2412808819999555,102324
case-45,rollback,public-lock,6,all-namespaces,74,132,87,1,1764,1746574,20,0,1.3034935440000002,1.3034373329999198,102708
case-45,rollback,public-lock,6,scoped,74,132,87,1,1674,1726766,10,0,1.2114631070000002,1.211921380000149,102964
case-45,rollback,public-lock,6,status-proof,74,132,87,1,1534,1562275,10,0,1.103552563,1.103130973000134,103220
case-46,rollback,generated,1,lww,142,241,155,1,1622,2247040,0,0,1.3675408229999988,1.3681847109999126,103220
case-46,rollback,generated,1,signed-index,142,241,155,1,1622,2247040,0,0,1.4513773749999999,1.450795552000045,103348
case-46,rollback,generated,1,transparency-only,142,241,155,1,1622,2247040,0,0,1.3716008419999994,1.371079140999882,103604
case-46,rollback,generated,1,root-only,142,241,155,1,1652,2250450,0,0,1.4753321289999999,1.4751686609999979,103988
case-46,rollback,generated,1,all-namespaces,142,241,155,1,1902,2323541,20,0,1.699526264000001,1.700695954999901,104372
case-46,rollback,generated,1,scoped,142,241,155,1,1694,2271528,2,0,1.6059285650000028,1.608888687999979,104628
case-46,rollback,generated,1,status-proof,142,241,155,1,1638,2009085,2,0,1.4477496029999983,1.4513519170000109,104884
case-47,rollback,generated,3,lww,142,241,155,1,1620,2256431,0,0,1.43683316,1.4392545679997966,102700
case-47,rollback,generated,3,signed-index,142,241,155,1,1620,2256431,0,0,1.427409774,1.4288304410001729,103212
case-47,rollback,generated,3,transparency-only,142,241,155,1,1620,2256431,0,0,1.615499345,1.6152076600001237,103468
case-47,rollback,generated,3,root-only,142,241,155,1,1650,2259846,0,0,1.6474823040000004,1.6456984930000544,103852
case-47,rollback,generated,3,all-namespaces,142,241,155,1,1900,2323491,20,0,1.7555831690000012,1.7585217120001744,104236
case-47,rollback,generated,3,scoped,142,241,155,1,1736,2285448,6,0,1.663532549000001,1.664191492999862,104620
case-47,rollback,generated,3,status-proof,142,241,155,1,1648,2010450,6,0,1.4316460830000004,1.4292758550000144,104876
case-48,rollback,generated,6,lww,142,241,155,1,1620,2272682,0,0,1.3757504750000003,1.3766313910000463,104876
case-48,rollback,generated,6,signed-index,142,241,155,1,1620,2272682,0,0,1.3916385150000004,1.39236589799998,105004
case-48,rollback,generated,6,transparency-only,142,241,155,1,1620,2272682,0,0,1.431752662000001,1.4312340019998828,105004
case-48,rollback,generated,6,root-only,142,241,155,1,1650,2276112,0,0,1.5515792059999995,1.5504628389999198,105132
case-48,rollback,generated,6,all-namespaces,142,241,155,1,1900,2325690,20,0,1.7778091499999995,1.7775996920001944,105516
case-48,rollback,generated,6,scoped,142,241,155,1,1810,2309812,10,0,1.6915279759999997,1.6923853739999686,105644
case-48,rollback,generated,6,status-proof,142,241,155,1,1670,2023532,10,0,1.495783680999999,1.497846048999918,105772
