family,span,order,churn,queries,prefix_client_wire_bytes,scope_client_wire_bytes,prefix_certification_wire_bytes,scope_certification_wire_bytes,prefix_total_wire_bytes,scope_total_wire_bytes,prefix_client_state_bytes,scope_client_state_bytes,scope_witness_state_bytes
public-lock,1,increasing,0,32,53584,36185,166780,216348,220364,252533,33150,7328,217636
public-lock,1,increasing,1,32,70346,36185,242260,291828,312606,328013,47990,7328,276996
public-lock,1,increasing,4,32,115019,36249,420952,470604,535971,506853,92598,7329,455600
public-lock,1,increasing,16,32,293492,36270,1134844,1184524,1428336,1220794,271050,7329,1169464
public-lock,1,decreasing,0,32,55486,51806,173172,239632,228658,291438,34366,16225,146512
public-lock,1,decreasing,1,32,72248,53759,248652,322800,320900,376559,49206,16225,226888
public-lock,1,decreasing,4,32,116921,53823,427344,501576,544265,555399,93814,16226,405492
public-lock,1,decreasing,16,32,295394,53844,1141236,1215496,1436630,1269340,272266,16226,1119356
public-lock,1,random,0,32,55488,48436,173176,242336,228664,290772,34366,16226,163364
public-lock,1,random,1,32,72727,50074,250564,326172,323291,376246,49683,16226,240780
public-lock,1,random,4,32,118831,50138,434980,510672,553811,560810,95722,16227,425108
public-lock,1,random,16,32,303040,50160,1171816,1247536,1474856,1297696,279908,16228,1161912
public-lock,1,hot,0,32,75184,108913,205748,278284,280932,387197,34366,16227,147200
public-lock,1,hot,1,32,108745,112861,356732,444616,465477,557477,64040,16228,307880
public-lock,1,hot,4,32,198001,112959,713756,801768,911757,914727,153196,16230,664768
public-lock,1,hot,16,32,554983,113037,2141684,2229800,2696667,2342837,510100,16230,2092592
public-lock,3,increasing,0,32,59614,41262,180972,230960,240586,272222,34606,7518,197104
public-lock,3,increasing,1,32,80039,41703,272464,324188,352503,365891,52799,7518,271356
public-lock,3,increasing,4,32,134618,41703,490780,542504,625398,584207,107378,7518,489672
public-lock,3,increasing,16,32,353387,41775,1365856,1417672,1719243,1459447,326072,7521,1364644
public-lock,3,decreasing,0,32,94010,95822,241132,319088,335142,414910,35822,16415,156456
public-lock,3,decreasing,1,32,141050,101303,452956,552488,594006,653791,77468,16415,381888
public-lock,3,decreasing,4,32,266193,101387,953528,1053168,1219721,1154555,202524,16418,882340
public-lock,3,decreasing,16,32,767124,101522,2957252,3057072,3724376,3158594,703320,16418,2885884
public-lock,3,random,0,32,73628,66606,204160,272760,277788,339366,34606,14697,165004
public-lock,3,random,1,32,104990,69945,345384,427128,450374,497073,62372,14697,309064
public-lock,3,random,4,32,188308,69952,678656,760408,866964,830360,145682,14698,642324
public-lock,3,random,16,32,522313,70077,2014676,2096592,2536989,2166669,479560,14700,1978172
public-lock,3,hot,0,32,117536,157483,280044,365252,397580,522735,35822,16417,157144
public-lock,3,hot,1,32,184621,165337,581988,697920,766609,863257,95176,16418,478576
public-lock,3,hot,4,32,363011,165473,1295548,1411656,1658559,1577129,273426,16422,1191944
public-lock,3,hot,16,32,1077011,165665,4151548,4267912,5228559,4433577,987234,16422,4047688
public-lock,6,increasing,0,32,63874,43185,194340,243488,258214,286673,36790,7803,198736
public-lock,6,increasing,1,32,85736,43815,291580,343208,377316,387023,56420,7803,280836
public-lock,6,increasing,4,32,144626,43815,527140,578768,671766,622583,115310,7803,516396
public-lock,6,increasing,16,32,380356,43838,1470060,1521712,1850416,1565550,351012,7808,1459272
public-lock,6,decreasing,0,32,137760,145148,319840,410728,457600,555876,38006,16700,171372
public-lock,6,decreasing,1,32,218315,154535,682588,810428,900903,964963,109323,16700,556836
public-lock,6,decreasing,4,32,432415,154597,1538988,1666904,1971403,1821501,323356,16705,1413140
public-lock,6,decreasing,16,32,1290284,154880,4970464,5098756,6260748,5253636,1180941,16706,4844236
public-lock,6,random,0,32,98920,98481,252332,345984,351252,444465,36790,16420,220088
public-lock,6,random,1,32,150515,102450,483464,592740,633979,695190,82743,16420,435004
public-lock,6,random,4,32,288374,102450,1034900,1144176,1323274,1246626,220602,16420,986440
public-lock,6,random,16,32,841017,102636,3245472,3354988,4086489,3457624,773053,16426,3196748
public-lock,6,hot,0,32,181064,230338,391488,495704,572552,726042,38006,16702,172060
public-lock,6,hot,1,32,298435,244051,919872,1077876,1218307,1321927,141880,16703,734620
public-lock,6,hot,4,32,610535,244253,2168272,2326536,2778807,2570789,453771,16710,1982732
public-lock,6,hot,16,32,1860044,244598,7166308,7325032,9026352,7569630,1702935,16710,6980308
generated,1,increasing,0,32,84815,35362,291856,338416,376671,373778,64254,6216,323992
generated,1,increasing,1,32,101639,35362,367708,414268,469347,449630,79125,6216,383476
generated,1,increasing,4,32,146252,35362,546160,592720,692412,628082,123738,6216,561928
generated,1,increasing,16,32,324704,35362,1259968,1306528,1584672,1341890,302190,6216,1275736
generated,1,decreasing,0,32,86706,67491,298204,405616,384910,473107,65459,26449,272464
generated,1,decreasing,1,32,103530,69475,374056,489280,477586,558755,80330,26449,353208
generated,1,decreasing,4,32,148143,69475,552508,667732,700651,737207,124943,26449,531660
generated,1,decreasing,16,32,326595,69475,1266316,1381540,1592911,1451015,303395,26449,1245468
generated,1,random,0,32,84815,51012,291856,380064,376671,431076,64254,19884,321696
generated,1,random,1,32,101639,52292,367708,460956,469347,513248,79125,19884,391212
generated,1,random,4,32,146252,52292,546160,639408,692412,691700,123738,19884,569664
generated,1,random,16,32,324704,52292,1259968,1353216,1584672,1405508,302190,19884,1283472
generated,1,hot,0,32,106404,131790,330780,444268,437184,576058,65459,26451,273152
generated,1,hot,1,32,140027,135769,482136,611096,622163,746865,95164,26452,434200
generated,1,hot,4,32,229223,135803,838920,967924,1068143,1103727,184325,26453,790936
generated,1,hot,16,32,586184,135860,2266764,2395844,2852948,2531704,541229,26453,2218704
generated,3,increasing,0,32,96428,47176,314764,363384,411192,410560,65678,6405,312832
generated,3,increasing,1,32,121722,48184,428180,480768,549902,528952,88182,6405,411996
generated,3,increasing,4,32,189281,48202,698416,751024,887697,799226,155720,6408,682200
generated,3,increasing,16,32,459983,48292,1781224,1833952,2241207,1882244,426332,6408,1764888
generated,3,decreasing,0,32,128899,115998,371712,491796,500611,607794,66883,26638,282272
generated,3,decreasing,1,32,179185,121857,598152,741300,777337,863157,111403,26638,523400
generated,3,decreasing,4,32,313114,122013,1133868,1277220,1446982,1399233,245173,26641,1058900
generated,3,decreasing,16,32,848560,122103,3275652,3419124,4124212,3541227,780529,26641,3200564
generated,3,random,0,32,117448,97326,349544,476544,466992,573870,65678,26369,334708
generated,3,random,1,32,159624,100980,539464,680848,699088,781828,103018,26369,513724
generated,3,random,4,32,271908,101091,988600,1130128,1260508,1231219,215188,26372,962704
generated,3,random,16,32,721014,101181,2785024,2926672,3506038,3027853,664204,26372,2759008
generated,3,hot,0,32,148597,180297,404288,530448,552885,710745,66883,26640,282960
generated,3,hot,1,32,215682,188151,706232,863116,921914,1051267,126237,26641,604392
generated,3,hot,4,32,394194,188341,1420280,1577412,1814474,1765753,304555,26645,1318176
generated,3,hot,16,32,1108149,188488,4276100,4433428,5384249,4621916,1018363,26645,4173800
generated,6,increasing,0,32,108982,58966,341860,392188,450842,451154,67862,6690,320204
generated,6,increasing,1,32,142746,60982,492692,550956,635438,611938,98030,6690,458488
generated,6,increasing,4,32,233250,60982,854708,912972,1087958,973954,188534,6690,820504
generated,6,increasing,16,32,595932,61087,2305436,2363832,2901368,2424919,551105,6696,2271076
generated,6,decreasing,0,32,192427,188853,483156,622248,675583,811101,69067,26923,297188
generated,6,decreasing,1,32,292999,200571,936036,1121256,1229035,1321827,158107,26923,779444
generated,6,decreasing,4,32,560629,200784,2006556,2192052,2567185,2392836,425518,26929,1849664
generated,6,decreasing,16,32,1631602,201045,6290448,6476292,7922050,6677337,1496230,26929,6133208
generated,6,random,0,32,173338,157022,448352,581160,621690,738182,67862,21174,368788
generated,6,random,1,32,260748,164582,841240,1003808,1101988,1168390,145414,21174,747948
generated,6,random,4,32,493746,164723,1773232,1935980,2266978,2100703,378265,21180,1679736
generated,6,random,16,32,1426575,164984,5504548,5667644,6931123,5832628,1310833,21180,5410704
generated,6,hot,0,32,212125,253152,515732,660900,727857,914052,69067,26925,297876
generated,6,hot,1,32,329496,266865,1044116,1243072,1373612,1509937,172941,26926,860436
generated,6,hot,4,32,641709,267112,2292968,2492244,2934677,2759356,484900,26933,2108940
generated,6,hot,16,32,1891191,267430,7290896,7490596,9182087,7758026,1734064,26933,7106444
