key,line,context,audit_scope
ai4dvault,33,"AI4DVault motivates provenance, integrity, and access control for AI-artifact registries, while its published record describes an architectural vision whose implementation remains in progress~\cite{ai4dvault}. We therefore treat it as application motivation, not an executed federated baseline. Witness cosigning and collectively verified update histories are established ideas: CoSi distributes authority-statement verification~\cite{cosi}, while CHAINIAC applies collective signing to update histories and verified builds~\cite{chainiac}. Transparency logs, verifiable directories, and gossip provide other consistency paths~\cite{rfc9162,coniks,mog}. Our contribution is not cosigning itself, but its composition with an exact dependency scope, independently replayed status-changing projection, quorum-visible acknowledgement, an explicit clock term, and two-plane accounting.",exact occurrence retained; not automated entailment certification
cosi,33,"AI4DVault motivates provenance, integrity, and access control for AI-artifact registries, while its published record describes an architectural vision whose implementation remains in progress~\cite{ai4dvault}. We therefore treat it as application motivation, not an executed federated baseline. Witness cosigning and collectively verified update histories are established ideas: CoSi distributes authority-statement verification~\cite{cosi}, while CHAINIAC applies collective signing to update histories and verified builds~\cite{chainiac}. Transparency logs, verifiable directories, and gossip provide other consistency paths~\cite{rfc9162,coniks,mog}. Our contribution is not cosigning itself, but its composition with an exact dependency scope, independently replayed status-changing projection, quorum-visible acknowledgement, an explicit clock term, and two-plane accounting.",exact occurrence retained; not automated entailment certification
chainiac,33,"AI4DVault motivates provenance, integrity, and access control for AI-artifact registries, while its published record describes an architectural vision whose implementation remains in progress~\cite{ai4dvault}. We therefore treat it as application motivation, not an executed federated baseline. Witness cosigning and collectively verified update histories are established ideas: CoSi distributes authority-statement verification~\cite{cosi}, while CHAINIAC applies collective signing to update histories and verified builds~\cite{chainiac}. Transparency logs, verifiable directories, and gossip provide other consistency paths~\cite{rfc9162,coniks,mog}. Our contribution is not cosigning itself, but its composition with an exact dependency scope, independently replayed status-changing projection, quorum-visible acknowledgement, an explicit clock term, and two-plane accounting.",exact occurrence retained; not automated entailment certification
rfc9162,33,"AI4DVault motivates provenance, integrity, and access control for AI-artifact registries, while its published record describes an architectural vision whose implementation remains in progress~\cite{ai4dvault}. We therefore treat it as application motivation, not an executed federated baseline. Witness cosigning and collectively verified update histories are established ideas: CoSi distributes authority-statement verification~\cite{cosi}, while CHAINIAC applies collective signing to update histories and verified builds~\cite{chainiac}. Transparency logs, verifiable directories, and gossip provide other consistency paths~\cite{rfc9162,coniks,mog}. Our contribution is not cosigning itself, but its composition with an exact dependency scope, independently replayed status-changing projection, quorum-visible acknowledgement, an explicit clock term, and two-plane accounting.",exact occurrence retained; not automated entailment certification
coniks,33,"AI4DVault motivates provenance, integrity, and access control for AI-artifact registries, while its published record describes an architectural vision whose implementation remains in progress~\cite{ai4dvault}. We therefore treat it as application motivation, not an executed federated baseline. Witness cosigning and collectively verified update histories are established ideas: CoSi distributes authority-statement verification~\cite{cosi}, while CHAINIAC applies collective signing to update histories and verified builds~\cite{chainiac}. Transparency logs, verifiable directories, and gossip provide other consistency paths~\cite{rfc9162,coniks,mog}. Our contribution is not cosigning itself, but its composition with an exact dependency scope, independently replayed status-changing projection, quorum-visible acknowledgement, an explicit clock term, and two-plane accounting.",exact occurrence retained; not automated entailment certification
mog,33,"AI4DVault motivates provenance, integrity, and access control for AI-artifact registries, while its published record describes an architectural vision whose implementation remains in progress~\cite{ai4dvault}. We therefore treat it as application motivation, not an executed federated baseline. Witness cosigning and collectively verified update histories are established ideas: CoSi distributes authority-statement verification~\cite{cosi}, while CHAINIAC applies collective signing to update histories and verified builds~\cite{chainiac}. Transparency logs, verifiable directories, and gossip provide other consistency paths~\cite{rfc9162,coniks,mog}. Our contribution is not cosigning itself, but its composition with an exact dependency scope, independently replayed status-changing projection, quorum-visible acknowledgement, an explicit clock term, and two-plane accounting.",exact occurrence retained; not automated entailment certification
dependabilitytaxonomy,46,"\section{Problem and Security Objectives}\label{sec:objectives} Safety, integrity, and availability are distinct dependability attributes~\cite{dependabilitytaxonomy}. Here safety means no unjustified serve under a named event and time contract; integrity means authenticated manifests and evidence; availability is successful service under the stated reachability and retained-state conditions. No confidentiality property is claimed.",exact occurrence retained; not automated entailment certification
leases,53,"A \emph{bounded-effective-time} decision adds a deadline. If an issuer accepts an invalidating event at real time $a$, serving an affected root must stop by $a+\Delta$. A replica that already sees the event may deny earlier. The interval bounds the latest permissible effect; it does not require replicas to continue serving a known-bad publication until the deadline. As with leases and bounded-staleness analysis, the contract needs an explicit clock assumption and fresh evidence for every relevant authority domain~\cite{leases,pbs}.",exact occurrence retained; not automated entailment certification
pbs,53,"A \emph{bounded-effective-time} decision adds a deadline. If an issuer accepts an invalidating event at real time $a$, serving an affected root must stop by $a+\Delta$. A replica that already sees the event may deny earlier. The interval bounds the latest permissible effect; it does not require replicas to continue serving a known-bad publication until the deadline. As with leases and bounded-staleness analysis, the contract needs an explicit clock assumption and fresh evidence for every relevant authority domain~\cite{leases,pbs}.",exact occurrence retained; not automated entailment certification
cap,55,"An \emph{immediate-global} decision requires rejection as soon as the invalidator is accepted anywhere authoritative. Old cached evidence cannot establish this condition across an unbounded partition. CAP gives the basic partition boundary~\cite{cap}; highly available transaction and coordination-avoidance analyses refine which invariants survive without coordination~\cite{hat,coordavoid}. Spanner, Raft, and PBFT use different clock, quorum, or Byzantine acknowledgement contracts~\cite{spanner,raft,pbft}. The implementation represents immediate mode by abstention rather than pretending that a short lease implements it.",exact occurrence retained; not automated entailment certification
hat,55,"An \emph{immediate-global} decision requires rejection as soon as the invalidator is accepted anywhere authoritative. Old cached evidence cannot establish this condition across an unbounded partition. CAP gives the basic partition boundary~\cite{cap}; highly available transaction and coordination-avoidance analyses refine which invariants survive without coordination~\cite{hat,coordavoid}. Spanner, Raft, and PBFT use different clock, quorum, or Byzantine acknowledgement contracts~\cite{spanner,raft,pbft}. The implementation represents immediate mode by abstention rather than pretending that a short lease implements it.",exact occurrence retained; not automated entailment certification
coordavoid,55,"An \emph{immediate-global} decision requires rejection as soon as the invalidator is accepted anywhere authoritative. Old cached evidence cannot establish this condition across an unbounded partition. CAP gives the basic partition boundary~\cite{cap}; highly available transaction and coordination-avoidance analyses refine which invariants survive without coordination~\cite{hat,coordavoid}. Spanner, Raft, and PBFT use different clock, quorum, or Byzantine acknowledgement contracts~\cite{spanner,raft,pbft}. The implementation represents immediate mode by abstention rather than pretending that a short lease implements it.",exact occurrence retained; not automated entailment certification
spanner,55,"An \emph{immediate-global} decision requires rejection as soon as the invalidator is accepted anywhere authoritative. Old cached evidence cannot establish this condition across an unbounded partition. CAP gives the basic partition boundary~\cite{cap}; highly available transaction and coordination-avoidance analyses refine which invariants survive without coordination~\cite{hat,coordavoid}. Spanner, Raft, and PBFT use different clock, quorum, or Byzantine acknowledgement contracts~\cite{spanner,raft,pbft}. The implementation represents immediate mode by abstention rather than pretending that a short lease implements it.",exact occurrence retained; not automated entailment certification
raft,55,"An \emph{immediate-global} decision requires rejection as soon as the invalidator is accepted anywhere authoritative. Old cached evidence cannot establish this condition across an unbounded partition. CAP gives the basic partition boundary~\cite{cap}; highly available transaction and coordination-avoidance analyses refine which invariants survive without coordination~\cite{hat,coordavoid}. Spanner, Raft, and PBFT use different clock, quorum, or Byzantine acknowledgement contracts~\cite{spanner,raft,pbft}. The implementation represents immediate mode by abstention rather than pretending that a short lease implements it.",exact occurrence retained; not automated entailment certification
pbft,55,"An \emph{immediate-global} decision requires rejection as soon as the invalidator is accepted anywhere authoritative. Old cached evidence cannot establish this condition across an unbounded partition. CAP gives the basic partition boundary~\cite{cap}; highly available transaction and coordination-avoidance analyses refine which invariants survive without coordination~\cite{hat,coordavoid}. Spanner, Raft, and PBFT use different clock, quorum, or Byzantine acknowledgement contracts~\cite{spanner,raft,pbft}. The implementation represents immediate mode by abstention rather than pretending that a short lease implements it.",exact occurrence retained; not automated entailment certification
intoto,70,"\subsection{Alternatives and discriminating questions} Weak policies are negative controls, not reimplementations of named systems. Signed status tests whether honest full-history replay changes the serving predicate. Witnessed prefixes test whether exact projection saves traffic under the same committee and history. Fully replicated Byzantine ordering instead provides a stronger acknowledgement and recovery substrate. The registry-specific interaction is publication authority, transfer, permanent negative facts, and transitive closure; it does not replace in-toto's verification of intended build steps and links~\cite{intoto}.",exact occurrence retained; not automated entailment certification
epidemic,117,"A bounded anti-entropy exchange obtains prefix counts, requests missing ranges, and propagates cached heads. Epidemic maintenance disseminates state by gossip~\cite{epidemic}; Bayou and Dynamo preserve disconnected progress with later conflict handling~\cite{bayou,dynamo}; CRDTs obtain convergence from datatype-specific merge rules~\cite{crdt}. Here the merge instead preserves a signed per-namespace order and permanent negative facts. The implementation uses a directed ring and batches at most 128 receipts. A head may arrive first, but the client abstains until the matching prefix is complete.",exact occurrence retained; not automated entailment certification
bayou,117,"A bounded anti-entropy exchange obtains prefix counts, requests missing ranges, and propagates cached heads. Epidemic maintenance disseminates state by gossip~\cite{epidemic}; Bayou and Dynamo preserve disconnected progress with later conflict handling~\cite{bayou,dynamo}; CRDTs obtain convergence from datatype-specific merge rules~\cite{crdt}. Here the merge instead preserves a signed per-namespace order and permanent negative facts. The implementation uses a directed ring and batches at most 128 receipts. A head may arrive first, but the client abstains until the matching prefix is complete.",exact occurrence retained; not automated entailment certification
dynamo,117,"A bounded anti-entropy exchange obtains prefix counts, requests missing ranges, and propagates cached heads. Epidemic maintenance disseminates state by gossip~\cite{epidemic}; Bayou and Dynamo preserve disconnected progress with later conflict handling~\cite{bayou,dynamo}; CRDTs obtain convergence from datatype-specific merge rules~\cite{crdt}. Here the merge instead preserves a signed per-namespace order and permanent negative facts. The implementation uses a directed ring and batches at most 128 receipts. A head may arrive first, but the client abstains until the matching prefix is complete.",exact occurrence retained; not automated entailment certification
crdt,117,"A bounded anti-entropy exchange obtains prefix counts, requests missing ranges, and propagates cached heads. Epidemic maintenance disseminates state by gossip~\cite{epidemic}; Bayou and Dynamo preserve disconnected progress with later conflict handling~\cite{bayou,dynamo}; CRDTs obtain convergence from datatype-specific merge rules~\cite{crdt}. Here the merge instead preserves a signed per-namespace order and permanent negative facts. The implementation uses a directed ring and batches at most 128 receipts. A head may arrive first, but the client abstains until the matching prefix is complete.",exact occurrence retained; not automated entailment certification
byzantinequorums,190,"\subsection{Fixed-committee threshold conditions} The relevant quorum principle is standard Byzantine quorum intersection~\cite{byzantinequorums}. For $n$ fixed identities, at most $f$ Byzantine witnesses, and threshold $q$, require \begin{equation}  2q-n>f, \qquad q\le n-f.\label{eq:general-quorum} \end{equation} The first inequality gives an honest identity in every pairwise intersection: $|Q_1\cap Q_2|\ge2q-n>f$. A returned signature at that identity binds a durable branch and slot. If the inequality fails, two quorums can intersect only at faulty identities, so intersection alone cannot prevent conflicting certificates. The second inequality permits a threshold using only honest identities. Both can hold exactly when $n>3f$: necessity follows from $2(n-f)>n+f$, and sufficiency follows by choosing $q=n-f$. This is a threshold feasibility condition, not a liveness theorem. The implementation instantiates $(n,f,q)=(4,1,3)$; the enumerator checks other parameters without claiming their protocol implementation.",exact occurrence retained; not automated entailment certification
tuf,349,"\section{Discussion and Related Work} \subsection{Update, status, and transparency} Repository systems allocate trust differently. TUF, Diplomat, Mercury, and Uptane protect delegated update metadata, rollback, or role separation~\cite{tuf,diplomat,mercury,uptane}; in-toto records build-step provenance~\cite{intoto}; Sigstore and Speranza address deployable signing identity and privacy~\cite{sigstore,speranza}. Package-manager attacks and ecosystem studies motivate stronger authority boundaries~\cite{mirror,npmrisks,backstabber,npmpermissions}, but none defines this paper's cross-namespace closure-and-freshness predicate.",exact occurrence retained; not automated entailment certification
diplomat,349,"\section{Discussion and Related Work} \subsection{Update, status, and transparency} Repository systems allocate trust differently. TUF, Diplomat, Mercury, and Uptane protect delegated update metadata, rollback, or role separation~\cite{tuf,diplomat,mercury,uptane}; in-toto records build-step provenance~\cite{intoto}; Sigstore and Speranza address deployable signing identity and privacy~\cite{sigstore,speranza}. Package-manager attacks and ecosystem studies motivate stronger authority boundaries~\cite{mirror,npmrisks,backstabber,npmpermissions}, but none defines this paper's cross-namespace closure-and-freshness predicate.",exact occurrence retained; not automated entailment certification
mercury,349,"\section{Discussion and Related Work} \subsection{Update, status, and transparency} Repository systems allocate trust differently. TUF, Diplomat, Mercury, and Uptane protect delegated update metadata, rollback, or role separation~\cite{tuf,diplomat,mercury,uptane}; in-toto records build-step provenance~\cite{intoto}; Sigstore and Speranza address deployable signing identity and privacy~\cite{sigstore,speranza}. Package-manager attacks and ecosystem studies motivate stronger authority boundaries~\cite{mirror,npmrisks,backstabber,npmpermissions}, but none defines this paper's cross-namespace closure-and-freshness predicate.",exact occurrence retained; not automated entailment certification
uptane,349,"\section{Discussion and Related Work} \subsection{Update, status, and transparency} Repository systems allocate trust differently. TUF, Diplomat, Mercury, and Uptane protect delegated update metadata, rollback, or role separation~\cite{tuf,diplomat,mercury,uptane}; in-toto records build-step provenance~\cite{intoto}; Sigstore and Speranza address deployable signing identity and privacy~\cite{sigstore,speranza}. Package-manager attacks and ecosystem studies motivate stronger authority boundaries~\cite{mirror,npmrisks,backstabber,npmpermissions}, but none defines this paper's cross-namespace closure-and-freshness predicate.",exact occurrence retained; not automated entailment certification
intoto,349,"\section{Discussion and Related Work} \subsection{Update, status, and transparency} Repository systems allocate trust differently. TUF, Diplomat, Mercury, and Uptane protect delegated update metadata, rollback, or role separation~\cite{tuf,diplomat,mercury,uptane}; in-toto records build-step provenance~\cite{intoto}; Sigstore and Speranza address deployable signing identity and privacy~\cite{sigstore,speranza}. Package-manager attacks and ecosystem studies motivate stronger authority boundaries~\cite{mirror,npmrisks,backstabber,npmpermissions}, but none defines this paper's cross-namespace closure-and-freshness predicate.",exact occurrence retained; not automated entailment certification
sigstore,349,"\section{Discussion and Related Work} \subsection{Update, status, and transparency} Repository systems allocate trust differently. TUF, Diplomat, Mercury, and Uptane protect delegated update metadata, rollback, or role separation~\cite{tuf,diplomat,mercury,uptane}; in-toto records build-step provenance~\cite{intoto}; Sigstore and Speranza address deployable signing identity and privacy~\cite{sigstore,speranza}. Package-manager attacks and ecosystem studies motivate stronger authority boundaries~\cite{mirror,npmrisks,backstabber,npmpermissions}, but none defines this paper's cross-namespace closure-and-freshness predicate.",exact occurrence retained; not automated entailment certification
speranza,349,"\section{Discussion and Related Work} \subsection{Update, status, and transparency} Repository systems allocate trust differently. TUF, Diplomat, Mercury, and Uptane protect delegated update metadata, rollback, or role separation~\cite{tuf,diplomat,mercury,uptane}; in-toto records build-step provenance~\cite{intoto}; Sigstore and Speranza address deployable signing identity and privacy~\cite{sigstore,speranza}. Package-manager attacks and ecosystem studies motivate stronger authority boundaries~\cite{mirror,npmrisks,backstabber,npmpermissions}, but none defines this paper's cross-namespace closure-and-freshness predicate.",exact occurrence retained; not automated entailment certification
mirror,349,"\section{Discussion and Related Work} \subsection{Update, status, and transparency} Repository systems allocate trust differently. TUF, Diplomat, Mercury, and Uptane protect delegated update metadata, rollback, or role separation~\cite{tuf,diplomat,mercury,uptane}; in-toto records build-step provenance~\cite{intoto}; Sigstore and Speranza address deployable signing identity and privacy~\cite{sigstore,speranza}. Package-manager attacks and ecosystem studies motivate stronger authority boundaries~\cite{mirror,npmrisks,backstabber,npmpermissions}, but none defines this paper's cross-namespace closure-and-freshness predicate.",exact occurrence retained; not automated entailment certification
npmrisks,349,"\section{Discussion and Related Work} \subsection{Update, status, and transparency} Repository systems allocate trust differently. TUF, Diplomat, Mercury, and Uptane protect delegated update metadata, rollback, or role separation~\cite{tuf,diplomat,mercury,uptane}; in-toto records build-step provenance~\cite{intoto}; Sigstore and Speranza address deployable signing identity and privacy~\cite{sigstore,speranza}. Package-manager attacks and ecosystem studies motivate stronger authority boundaries~\cite{mirror,npmrisks,backstabber,npmpermissions}, but none defines this paper's cross-namespace closure-and-freshness predicate.",exact occurrence retained; not automated entailment certification
backstabber,349,"\section{Discussion and Related Work} \subsection{Update, status, and transparency} Repository systems allocate trust differently. TUF, Diplomat, Mercury, and Uptane protect delegated update metadata, rollback, or role separation~\cite{tuf,diplomat,mercury,uptane}; in-toto records build-step provenance~\cite{intoto}; Sigstore and Speranza address deployable signing identity and privacy~\cite{sigstore,speranza}. Package-manager attacks and ecosystem studies motivate stronger authority boundaries~\cite{mirror,npmrisks,backstabber,npmpermissions}, but none defines this paper's cross-namespace closure-and-freshness predicate.",exact occurrence retained; not automated entailment certification
npmpermissions,349,"\section{Discussion and Related Work} \subsection{Update, status, and transparency} Repository systems allocate trust differently. TUF, Diplomat, Mercury, and Uptane protect delegated update metadata, rollback, or role separation~\cite{tuf,diplomat,mercury,uptane}; in-toto records build-step provenance~\cite{intoto}; Sigstore and Speranza address deployable signing identity and privacy~\cite{sigstore,speranza}. Package-manager attacks and ecosystem studies motivate stronger authority boundaries~\cite{mirror,npmrisks,backstabber,npmpermissions}, but none defines this paper's cross-namespace closure-and-freshness predicate.",exact occurrence retained; not automated entailment certification
rfc6960,351,"Revocation is the closest representation precedent. OCSP signs status, base plus delta CRLs reconstruct a same-scope view, and CRLite compresses broad distribution~\cite{rfc6960,rfc5280,crlite}; certificate-update analysis exposes the communication/state tradeoff~\cite{naornissim}. WAVE specifies a non-revocation deadline, Macaroons attenuate capabilities, and Zanzibar chooses globally consistent authorization~\cite{wave,macaroons,zanzibar}. ScopeDelta specializes these established status/delta ideas to immutable manifests, conflicts, capabilities, and exact dependency scopes; projected change is not claimed as a new primitive.",exact occurrence retained; not automated entailment certification
rfc5280,351,"Revocation is the closest representation precedent. OCSP signs status, base plus delta CRLs reconstruct a same-scope view, and CRLite compresses broad distribution~\cite{rfc6960,rfc5280,crlite}; certificate-update analysis exposes the communication/state tradeoff~\cite{naornissim}. WAVE specifies a non-revocation deadline, Macaroons attenuate capabilities, and Zanzibar chooses globally consistent authorization~\cite{wave,macaroons,zanzibar}. ScopeDelta specializes these established status/delta ideas to immutable manifests, conflicts, capabilities, and exact dependency scopes; projected change is not claimed as a new primitive.",exact occurrence retained; not automated entailment certification
crlite,351,"Revocation is the closest representation precedent. OCSP signs status, base plus delta CRLs reconstruct a same-scope view, and CRLite compresses broad distribution~\cite{rfc6960,rfc5280,crlite}; certificate-update analysis exposes the communication/state tradeoff~\cite{naornissim}. WAVE specifies a non-revocation deadline, Macaroons attenuate capabilities, and Zanzibar chooses globally consistent authorization~\cite{wave,macaroons,zanzibar}. ScopeDelta specializes these established status/delta ideas to immutable manifests, conflicts, capabilities, and exact dependency scopes; projected change is not claimed as a new primitive.",exact occurrence retained; not automated entailment certification
naornissim,351,"Revocation is the closest representation precedent. OCSP signs status, base plus delta CRLs reconstruct a same-scope view, and CRLite compresses broad distribution~\cite{rfc6960,rfc5280,crlite}; certificate-update analysis exposes the communication/state tradeoff~\cite{naornissim}. WAVE specifies a non-revocation deadline, Macaroons attenuate capabilities, and Zanzibar chooses globally consistent authorization~\cite{wave,macaroons,zanzibar}. ScopeDelta specializes these established status/delta ideas to immutable manifests, conflicts, capabilities, and exact dependency scopes; projected change is not claimed as a new primitive.",exact occurrence retained; not automated entailment certification
wave,351,"Revocation is the closest representation precedent. OCSP signs status, base plus delta CRLs reconstruct a same-scope view, and CRLite compresses broad distribution~\cite{rfc6960,rfc5280,crlite}; certificate-update analysis exposes the communication/state tradeoff~\cite{naornissim}. WAVE specifies a non-revocation deadline, Macaroons attenuate capabilities, and Zanzibar chooses globally consistent authorization~\cite{wave,macaroons,zanzibar}. ScopeDelta specializes these established status/delta ideas to immutable manifests, conflicts, capabilities, and exact dependency scopes; projected change is not claimed as a new primitive.",exact occurrence retained; not automated entailment certification
macaroons,351,"Revocation is the closest representation precedent. OCSP signs status, base plus delta CRLs reconstruct a same-scope view, and CRLite compresses broad distribution~\cite{rfc6960,rfc5280,crlite}; certificate-update analysis exposes the communication/state tradeoff~\cite{naornissim}. WAVE specifies a non-revocation deadline, Macaroons attenuate capabilities, and Zanzibar chooses globally consistent authorization~\cite{wave,macaroons,zanzibar}. ScopeDelta specializes these established status/delta ideas to immutable manifests, conflicts, capabilities, and exact dependency scopes; projected change is not claimed as a new primitive.",exact occurrence retained; not automated entailment certification
zanzibar,351,"Revocation is the closest representation precedent. OCSP signs status, base plus delta CRLs reconstruct a same-scope view, and CRLite compresses broad distribution~\cite{rfc6960,rfc5280,crlite}; certificate-update analysis exposes the communication/state tradeoff~\cite{naornissim}. WAVE specifies a non-revocation deadline, Macaroons attenuate capabilities, and Zanzibar chooses globally consistent authorization~\cite{wave,macaroons,zanzibar}. ScopeDelta specializes these established status/delta ideas to immutable manifests, conflicts, capabilities, and exact dependency scopes; projected change is not claimed as a new primitive.",exact occurrence retained; not automated entailment certification
merkle,353,"Authenticated histories and witnesses address a different obligation. Merkle trees and append-only skip lists commit to sets or sequences~\cite{merkle,aasl}. CoSi and CHAINIAC establish collective witnessing~\cite{cosi,chainiac}; Contour, software-distribution transparency, Merkle$^2$, and Certificate Transparency develop binary/release logs and consistency proofs~\cite{contour,swdisttrans,merkle2,rfc9162}. CONIKS, Parakeet, Mog, and GlassDB provide verifiable directory or ledger views~\cite{coniks,parakeet,mog,glassdb}; SUNDR, Depot, and SPORC expose client-visible forks or preserve consistency over untrusted storage~\cite{sundr,depot,sporc}. PeerReview and CloudProof provide accountability or dispute evidence~\cite{peerreview,cloudproof}, while TrInc and Catena externalize non-equivocation through trusted monotonic state or a public ledger~\cite{trinc,catena}. Witnessed ScopeDelta adds quorum-visible exact-scope projection and fail-stop recovery of each honest signer's local refusal state. It still cannot expose a private sequencer receipt, survive malicious or lost storage, or replace gossip and public consistency proofs.",exact occurrence retained; not automated entailment certification
aasl,353,"Authenticated histories and witnesses address a different obligation. Merkle trees and append-only skip lists commit to sets or sequences~\cite{merkle,aasl}. CoSi and CHAINIAC establish collective witnessing~\cite{cosi,chainiac}; Contour, software-distribution transparency, Merkle$^2$, and Certificate Transparency develop binary/release logs and consistency proofs~\cite{contour,swdisttrans,merkle2,rfc9162}. CONIKS, Parakeet, Mog, and GlassDB provide verifiable directory or ledger views~\cite{coniks,parakeet,mog,glassdb}; SUNDR, Depot, and SPORC expose client-visible forks or preserve consistency over untrusted storage~\cite{sundr,depot,sporc}. PeerReview and CloudProof provide accountability or dispute evidence~\cite{peerreview,cloudproof}, while TrInc and Catena externalize non-equivocation through trusted monotonic state or a public ledger~\cite{trinc,catena}. Witnessed ScopeDelta adds quorum-visible exact-scope projection and fail-stop recovery of each honest signer's local refusal state. It still cannot expose a private sequencer receipt, survive malicious or lost storage, or replace gossip and public consistency proofs.",exact occurrence retained; not automated entailment certification
cosi,353,"Authenticated histories and witnesses address a different obligation. Merkle trees and append-only skip lists commit to sets or sequences~\cite{merkle,aasl}. CoSi and CHAINIAC establish collective witnessing~\cite{cosi,chainiac}; Contour, software-distribution transparency, Merkle$^2$, and Certificate Transparency develop binary/release logs and consistency proofs~\cite{contour,swdisttrans,merkle2,rfc9162}. CONIKS, Parakeet, Mog, and GlassDB provide verifiable directory or ledger views~\cite{coniks,parakeet,mog,glassdb}; SUNDR, Depot, and SPORC expose client-visible forks or preserve consistency over untrusted storage~\cite{sundr,depot,sporc}. PeerReview and CloudProof provide accountability or dispute evidence~\cite{peerreview,cloudproof}, while TrInc and Catena externalize non-equivocation through trusted monotonic state or a public ledger~\cite{trinc,catena}. Witnessed ScopeDelta adds quorum-visible exact-scope projection and fail-stop recovery of each honest signer's local refusal state. It still cannot expose a private sequencer receipt, survive malicious or lost storage, or replace gossip and public consistency proofs.",exact occurrence retained; not automated entailment certification
chainiac,353,"Authenticated histories and witnesses address a different obligation. Merkle trees and append-only skip lists commit to sets or sequences~\cite{merkle,aasl}. CoSi and CHAINIAC establish collective witnessing~\cite{cosi,chainiac}; Contour, software-distribution transparency, Merkle$^2$, and Certificate Transparency develop binary/release logs and consistency proofs~\cite{contour,swdisttrans,merkle2,rfc9162}. CONIKS, Parakeet, Mog, and GlassDB provide verifiable directory or ledger views~\cite{coniks,parakeet,mog,glassdb}; SUNDR, Depot, and SPORC expose client-visible forks or preserve consistency over untrusted storage~\cite{sundr,depot,sporc}. PeerReview and CloudProof provide accountability or dispute evidence~\cite{peerreview,cloudproof}, while TrInc and Catena externalize non-equivocation through trusted monotonic state or a public ledger~\cite{trinc,catena}. Witnessed ScopeDelta adds quorum-visible exact-scope projection and fail-stop recovery of each honest signer's local refusal state. It still cannot expose a private sequencer receipt, survive malicious or lost storage, or replace gossip and public consistency proofs.",exact occurrence retained; not automated entailment certification
contour,353,"Authenticated histories and witnesses address a different obligation. Merkle trees and append-only skip lists commit to sets or sequences~\cite{merkle,aasl}. CoSi and CHAINIAC establish collective witnessing~\cite{cosi,chainiac}; Contour, software-distribution transparency, Merkle$^2$, and Certificate Transparency develop binary/release logs and consistency proofs~\cite{contour,swdisttrans,merkle2,rfc9162}. CONIKS, Parakeet, Mog, and GlassDB provide verifiable directory or ledger views~\cite{coniks,parakeet,mog,glassdb}; SUNDR, Depot, and SPORC expose client-visible forks or preserve consistency over untrusted storage~\cite{sundr,depot,sporc}. PeerReview and CloudProof provide accountability or dispute evidence~\cite{peerreview,cloudproof}, while TrInc and Catena externalize non-equivocation through trusted monotonic state or a public ledger~\cite{trinc,catena}. Witnessed ScopeDelta adds quorum-visible exact-scope projection and fail-stop recovery of each honest signer's local refusal state. It still cannot expose a private sequencer receipt, survive malicious or lost storage, or replace gossip and public consistency proofs.",exact occurrence retained; not automated entailment certification
swdisttrans,353,"Authenticated histories and witnesses address a different obligation. Merkle trees and append-only skip lists commit to sets or sequences~\cite{merkle,aasl}. CoSi and CHAINIAC establish collective witnessing~\cite{cosi,chainiac}; Contour, software-distribution transparency, Merkle$^2$, and Certificate Transparency develop binary/release logs and consistency proofs~\cite{contour,swdisttrans,merkle2,rfc9162}. CONIKS, Parakeet, Mog, and GlassDB provide verifiable directory or ledger views~\cite{coniks,parakeet,mog,glassdb}; SUNDR, Depot, and SPORC expose client-visible forks or preserve consistency over untrusted storage~\cite{sundr,depot,sporc}. PeerReview and CloudProof provide accountability or dispute evidence~\cite{peerreview,cloudproof}, while TrInc and Catena externalize non-equivocation through trusted monotonic state or a public ledger~\cite{trinc,catena}. Witnessed ScopeDelta adds quorum-visible exact-scope projection and fail-stop recovery of each honest signer's local refusal state. It still cannot expose a private sequencer receipt, survive malicious or lost storage, or replace gossip and public consistency proofs.",exact occurrence retained; not automated entailment certification
merkle2,353,"Authenticated histories and witnesses address a different obligation. Merkle trees and append-only skip lists commit to sets or sequences~\cite{merkle,aasl}. CoSi and CHAINIAC establish collective witnessing~\cite{cosi,chainiac}; Contour, software-distribution transparency, Merkle$^2$, and Certificate Transparency develop binary/release logs and consistency proofs~\cite{contour,swdisttrans,merkle2,rfc9162}. CONIKS, Parakeet, Mog, and GlassDB provide verifiable directory or ledger views~\cite{coniks,parakeet,mog,glassdb}; SUNDR, Depot, and SPORC expose client-visible forks or preserve consistency over untrusted storage~\cite{sundr,depot,sporc}. PeerReview and CloudProof provide accountability or dispute evidence~\cite{peerreview,cloudproof}, while TrInc and Catena externalize non-equivocation through trusted monotonic state or a public ledger~\cite{trinc,catena}. Witnessed ScopeDelta adds quorum-visible exact-scope projection and fail-stop recovery of each honest signer's local refusal state. It still cannot expose a private sequencer receipt, survive malicious or lost storage, or replace gossip and public consistency proofs.",exact occurrence retained; not automated entailment certification
rfc9162,353,"Authenticated histories and witnesses address a different obligation. Merkle trees and append-only skip lists commit to sets or sequences~\cite{merkle,aasl}. CoSi and CHAINIAC establish collective witnessing~\cite{cosi,chainiac}; Contour, software-distribution transparency, Merkle$^2$, and Certificate Transparency develop binary/release logs and consistency proofs~\cite{contour,swdisttrans,merkle2,rfc9162}. CONIKS, Parakeet, Mog, and GlassDB provide verifiable directory or ledger views~\cite{coniks,parakeet,mog,glassdb}; SUNDR, Depot, and SPORC expose client-visible forks or preserve consistency over untrusted storage~\cite{sundr,depot,sporc}. PeerReview and CloudProof provide accountability or dispute evidence~\cite{peerreview,cloudproof}, while TrInc and Catena externalize non-equivocation through trusted monotonic state or a public ledger~\cite{trinc,catena}. Witnessed ScopeDelta adds quorum-visible exact-scope projection and fail-stop recovery of each honest signer's local refusal state. It still cannot expose a private sequencer receipt, survive malicious or lost storage, or replace gossip and public consistency proofs.",exact occurrence retained; not automated entailment certification
coniks,353,"Authenticated histories and witnesses address a different obligation. Merkle trees and append-only skip lists commit to sets or sequences~\cite{merkle,aasl}. CoSi and CHAINIAC establish collective witnessing~\cite{cosi,chainiac}; Contour, software-distribution transparency, Merkle$^2$, and Certificate Transparency develop binary/release logs and consistency proofs~\cite{contour,swdisttrans,merkle2,rfc9162}. CONIKS, Parakeet, Mog, and GlassDB provide verifiable directory or ledger views~\cite{coniks,parakeet,mog,glassdb}; SUNDR, Depot, and SPORC expose client-visible forks or preserve consistency over untrusted storage~\cite{sundr,depot,sporc}. PeerReview and CloudProof provide accountability or dispute evidence~\cite{peerreview,cloudproof}, while TrInc and Catena externalize non-equivocation through trusted monotonic state or a public ledger~\cite{trinc,catena}. Witnessed ScopeDelta adds quorum-visible exact-scope projection and fail-stop recovery of each honest signer's local refusal state. It still cannot expose a private sequencer receipt, survive malicious or lost storage, or replace gossip and public consistency proofs.",exact occurrence retained; not automated entailment certification
parakeet,353,"Authenticated histories and witnesses address a different obligation. Merkle trees and append-only skip lists commit to sets or sequences~\cite{merkle,aasl}. CoSi and CHAINIAC establish collective witnessing~\cite{cosi,chainiac}; Contour, software-distribution transparency, Merkle$^2$, and Certificate Transparency develop binary/release logs and consistency proofs~\cite{contour,swdisttrans,merkle2,rfc9162}. CONIKS, Parakeet, Mog, and GlassDB provide verifiable directory or ledger views~\cite{coniks,parakeet,mog,glassdb}; SUNDR, Depot, and SPORC expose client-visible forks or preserve consistency over untrusted storage~\cite{sundr,depot,sporc}. PeerReview and CloudProof provide accountability or dispute evidence~\cite{peerreview,cloudproof}, while TrInc and Catena externalize non-equivocation through trusted monotonic state or a public ledger~\cite{trinc,catena}. Witnessed ScopeDelta adds quorum-visible exact-scope projection and fail-stop recovery of each honest signer's local refusal state. It still cannot expose a private sequencer receipt, survive malicious or lost storage, or replace gossip and public consistency proofs.",exact occurrence retained; not automated entailment certification
mog,353,"Authenticated histories and witnesses address a different obligation. Merkle trees and append-only skip lists commit to sets or sequences~\cite{merkle,aasl}. CoSi and CHAINIAC establish collective witnessing~\cite{cosi,chainiac}; Contour, software-distribution transparency, Merkle$^2$, and Certificate Transparency develop binary/release logs and consistency proofs~\cite{contour,swdisttrans,merkle2,rfc9162}. CONIKS, Parakeet, Mog, and GlassDB provide verifiable directory or ledger views~\cite{coniks,parakeet,mog,glassdb}; SUNDR, Depot, and SPORC expose client-visible forks or preserve consistency over untrusted storage~\cite{sundr,depot,sporc}. PeerReview and CloudProof provide accountability or dispute evidence~\cite{peerreview,cloudproof}, while TrInc and Catena externalize non-equivocation through trusted monotonic state or a public ledger~\cite{trinc,catena}. Witnessed ScopeDelta adds quorum-visible exact-scope projection and fail-stop recovery of each honest signer's local refusal state. It still cannot expose a private sequencer receipt, survive malicious or lost storage, or replace gossip and public consistency proofs.",exact occurrence retained; not automated entailment certification
glassdb,353,"Authenticated histories and witnesses address a different obligation. Merkle trees and append-only skip lists commit to sets or sequences~\cite{merkle,aasl}. CoSi and CHAINIAC establish collective witnessing~\cite{cosi,chainiac}; Contour, software-distribution transparency, Merkle$^2$, and Certificate Transparency develop binary/release logs and consistency proofs~\cite{contour,swdisttrans,merkle2,rfc9162}. CONIKS, Parakeet, Mog, and GlassDB provide verifiable directory or ledger views~\cite{coniks,parakeet,mog,glassdb}; SUNDR, Depot, and SPORC expose client-visible forks or preserve consistency over untrusted storage~\cite{sundr,depot,sporc}. PeerReview and CloudProof provide accountability or dispute evidence~\cite{peerreview,cloudproof}, while TrInc and Catena externalize non-equivocation through trusted monotonic state or a public ledger~\cite{trinc,catena}. Witnessed ScopeDelta adds quorum-visible exact-scope projection and fail-stop recovery of each honest signer's local refusal state. It still cannot expose a private sequencer receipt, survive malicious or lost storage, or replace gossip and public consistency proofs.",exact occurrence retained; not automated entailment certification
sundr,353,"Authenticated histories and witnesses address a different obligation. Merkle trees and append-only skip lists commit to sets or sequences~\cite{merkle,aasl}. CoSi and CHAINIAC establish collective witnessing~\cite{cosi,chainiac}; Contour, software-distribution transparency, Merkle$^2$, and Certificate Transparency develop binary/release logs and consistency proofs~\cite{contour,swdisttrans,merkle2,rfc9162}. CONIKS, Parakeet, Mog, and GlassDB provide verifiable directory or ledger views~\cite{coniks,parakeet,mog,glassdb}; SUNDR, Depot, and SPORC expose client-visible forks or preserve consistency over untrusted storage~\cite{sundr,depot,sporc}. PeerReview and CloudProof provide accountability or dispute evidence~\cite{peerreview,cloudproof}, while TrInc and Catena externalize non-equivocation through trusted monotonic state or a public ledger~\cite{trinc,catena}. Witnessed ScopeDelta adds quorum-visible exact-scope projection and fail-stop recovery of each honest signer's local refusal state. It still cannot expose a private sequencer receipt, survive malicious or lost storage, or replace gossip and public consistency proofs.",exact occurrence retained; not automated entailment certification
depot,353,"Authenticated histories and witnesses address a different obligation. Merkle trees and append-only skip lists commit to sets or sequences~\cite{merkle,aasl}. CoSi and CHAINIAC establish collective witnessing~\cite{cosi,chainiac}; Contour, software-distribution transparency, Merkle$^2$, and Certificate Transparency develop binary/release logs and consistency proofs~\cite{contour,swdisttrans,merkle2,rfc9162}. CONIKS, Parakeet, Mog, and GlassDB provide verifiable directory or ledger views~\cite{coniks,parakeet,mog,glassdb}; SUNDR, Depot, and SPORC expose client-visible forks or preserve consistency over untrusted storage~\cite{sundr,depot,sporc}. PeerReview and CloudProof provide accountability or dispute evidence~\cite{peerreview,cloudproof}, while TrInc and Catena externalize non-equivocation through trusted monotonic state or a public ledger~\cite{trinc,catena}. Witnessed ScopeDelta adds quorum-visible exact-scope projection and fail-stop recovery of each honest signer's local refusal state. It still cannot expose a private sequencer receipt, survive malicious or lost storage, or replace gossip and public consistency proofs.",exact occurrence retained; not automated entailment certification
sporc,353,"Authenticated histories and witnesses address a different obligation. Merkle trees and append-only skip lists commit to sets or sequences~\cite{merkle,aasl}. CoSi and CHAINIAC establish collective witnessing~\cite{cosi,chainiac}; Contour, software-distribution transparency, Merkle$^2$, and Certificate Transparency develop binary/release logs and consistency proofs~\cite{contour,swdisttrans,merkle2,rfc9162}. CONIKS, Parakeet, Mog, and GlassDB provide verifiable directory or ledger views~\cite{coniks,parakeet,mog,glassdb}; SUNDR, Depot, and SPORC expose client-visible forks or preserve consistency over untrusted storage~\cite{sundr,depot,sporc}. PeerReview and CloudProof provide accountability or dispute evidence~\cite{peerreview,cloudproof}, while TrInc and Catena externalize non-equivocation through trusted monotonic state or a public ledger~\cite{trinc,catena}. Witnessed ScopeDelta adds quorum-visible exact-scope projection and fail-stop recovery of each honest signer's local refusal state. It still cannot expose a private sequencer receipt, survive malicious or lost storage, or replace gossip and public consistency proofs.",exact occurrence retained; not automated entailment certification
peerreview,353,"Authenticated histories and witnesses address a different obligation. Merkle trees and append-only skip lists commit to sets or sequences~\cite{merkle,aasl}. CoSi and CHAINIAC establish collective witnessing~\cite{cosi,chainiac}; Contour, software-distribution transparency, Merkle$^2$, and Certificate Transparency develop binary/release logs and consistency proofs~\cite{contour,swdisttrans,merkle2,rfc9162}. CONIKS, Parakeet, Mog, and GlassDB provide verifiable directory or ledger views~\cite{coniks,parakeet,mog,glassdb}; SUNDR, Depot, and SPORC expose client-visible forks or preserve consistency over untrusted storage~\cite{sundr,depot,sporc}. PeerReview and CloudProof provide accountability or dispute evidence~\cite{peerreview,cloudproof}, while TrInc and Catena externalize non-equivocation through trusted monotonic state or a public ledger~\cite{trinc,catena}. Witnessed ScopeDelta adds quorum-visible exact-scope projection and fail-stop recovery of each honest signer's local refusal state. It still cannot expose a private sequencer receipt, survive malicious or lost storage, or replace gossip and public consistency proofs.",exact occurrence retained; not automated entailment certification
cloudproof,353,"Authenticated histories and witnesses address a different obligation. Merkle trees and append-only skip lists commit to sets or sequences~\cite{merkle,aasl}. CoSi and CHAINIAC establish collective witnessing~\cite{cosi,chainiac}; Contour, software-distribution transparency, Merkle$^2$, and Certificate Transparency develop binary/release logs and consistency proofs~\cite{contour,swdisttrans,merkle2,rfc9162}. CONIKS, Parakeet, Mog, and GlassDB provide verifiable directory or ledger views~\cite{coniks,parakeet,mog,glassdb}; SUNDR, Depot, and SPORC expose client-visible forks or preserve consistency over untrusted storage~\cite{sundr,depot,sporc}. PeerReview and CloudProof provide accountability or dispute evidence~\cite{peerreview,cloudproof}, while TrInc and Catena externalize non-equivocation through trusted monotonic state or a public ledger~\cite{trinc,catena}. Witnessed ScopeDelta adds quorum-visible exact-scope projection and fail-stop recovery of each honest signer's local refusal state. It still cannot expose a private sequencer receipt, survive malicious or lost storage, or replace gossip and public consistency proofs.",exact occurrence retained; not automated entailment certification
trinc,353,"Authenticated histories and witnesses address a different obligation. Merkle trees and append-only skip lists commit to sets or sequences~\cite{merkle,aasl}. CoSi and CHAINIAC establish collective witnessing~\cite{cosi,chainiac}; Contour, software-distribution transparency, Merkle$^2$, and Certificate Transparency develop binary/release logs and consistency proofs~\cite{contour,swdisttrans,merkle2,rfc9162}. CONIKS, Parakeet, Mog, and GlassDB provide verifiable directory or ledger views~\cite{coniks,parakeet,mog,glassdb}; SUNDR, Depot, and SPORC expose client-visible forks or preserve consistency over untrusted storage~\cite{sundr,depot,sporc}. PeerReview and CloudProof provide accountability or dispute evidence~\cite{peerreview,cloudproof}, while TrInc and Catena externalize non-equivocation through trusted monotonic state or a public ledger~\cite{trinc,catena}. Witnessed ScopeDelta adds quorum-visible exact-scope projection and fail-stop recovery of each honest signer's local refusal state. It still cannot expose a private sequencer receipt, survive malicious or lost storage, or replace gossip and public consistency proofs.",exact occurrence retained; not automated entailment certification
catena,353,"Authenticated histories and witnesses address a different obligation. Merkle trees and append-only skip lists commit to sets or sequences~\cite{merkle,aasl}. CoSi and CHAINIAC establish collective witnessing~\cite{cosi,chainiac}; Contour, software-distribution transparency, Merkle$^2$, and Certificate Transparency develop binary/release logs and consistency proofs~\cite{contour,swdisttrans,merkle2,rfc9162}. CONIKS, Parakeet, Mog, and GlassDB provide verifiable directory or ledger views~\cite{coniks,parakeet,mog,glassdb}; SUNDR, Depot, and SPORC expose client-visible forks or preserve consistency over untrusted storage~\cite{sundr,depot,sporc}. PeerReview and CloudProof provide accountability or dispute evidence~\cite{peerreview,cloudproof}, while TrInc and Catena externalize non-equivocation through trusted monotonic state or a public ledger~\cite{trinc,catena}. Witnessed ScopeDelta adds quorum-visible exact-scope projection and fail-stop recovery of each honest signer's local refusal state. It still cannot expose a private sequencer receipt, survive malicious or lost storage, or replace gossip and public consistency proofs.",exact occurrence retained; not automated entailment certification
epidemic,356,"\subsection{Replication and acknowledgement} Epidemic dissemination, Bayou, Dynamo, and CRDTs favor eventual propagation or reconciliation~\cite{epidemic,bayou,dynamo,crdt}. PRACTI and PADS expose partial-replication and blocking policy~\cite{practi,pads}; COPS, Eiger, Occult, and GentleRain constrain causal visibility~\cite{cops,eiger,occult,gentlerain}; probabilistically bounded staleness quantifies a partial-quorum contract~\cite{pbs}. None reveals an invalidator outside an isolated client's observed past, while our lease supplies none of their transaction semantics.",exact occurrence retained; not automated entailment certification
bayou,356,"\subsection{Replication and acknowledgement} Epidemic dissemination, Bayou, Dynamo, and CRDTs favor eventual propagation or reconciliation~\cite{epidemic,bayou,dynamo,crdt}. PRACTI and PADS expose partial-replication and blocking policy~\cite{practi,pads}; COPS, Eiger, Occult, and GentleRain constrain causal visibility~\cite{cops,eiger,occult,gentlerain}; probabilistically bounded staleness quantifies a partial-quorum contract~\cite{pbs}. None reveals an invalidator outside an isolated client's observed past, while our lease supplies none of their transaction semantics.",exact occurrence retained; not automated entailment certification
dynamo,356,"\subsection{Replication and acknowledgement} Epidemic dissemination, Bayou, Dynamo, and CRDTs favor eventual propagation or reconciliation~\cite{epidemic,bayou,dynamo,crdt}. PRACTI and PADS expose partial-replication and blocking policy~\cite{practi,pads}; COPS, Eiger, Occult, and GentleRain constrain causal visibility~\cite{cops,eiger,occult,gentlerain}; probabilistically bounded staleness quantifies a partial-quorum contract~\cite{pbs}. None reveals an invalidator outside an isolated client's observed past, while our lease supplies none of their transaction semantics.",exact occurrence retained; not automated entailment certification
crdt,356,"\subsection{Replication and acknowledgement} Epidemic dissemination, Bayou, Dynamo, and CRDTs favor eventual propagation or reconciliation~\cite{epidemic,bayou,dynamo,crdt}. PRACTI and PADS expose partial-replication and blocking policy~\cite{practi,pads}; COPS, Eiger, Occult, and GentleRain constrain causal visibility~\cite{cops,eiger,occult,gentlerain}; probabilistically bounded staleness quantifies a partial-quorum contract~\cite{pbs}. None reveals an invalidator outside an isolated client's observed past, while our lease supplies none of their transaction semantics.",exact occurrence retained; not automated entailment certification
practi,356,"\subsection{Replication and acknowledgement} Epidemic dissemination, Bayou, Dynamo, and CRDTs favor eventual propagation or reconciliation~\cite{epidemic,bayou,dynamo,crdt}. PRACTI and PADS expose partial-replication and blocking policy~\cite{practi,pads}; COPS, Eiger, Occult, and GentleRain constrain causal visibility~\cite{cops,eiger,occult,gentlerain}; probabilistically bounded staleness quantifies a partial-quorum contract~\cite{pbs}. None reveals an invalidator outside an isolated client's observed past, while our lease supplies none of their transaction semantics.",exact occurrence retained; not automated entailment certification
pads,356,"\subsection{Replication and acknowledgement} Epidemic dissemination, Bayou, Dynamo, and CRDTs favor eventual propagation or reconciliation~\cite{epidemic,bayou,dynamo,crdt}. PRACTI and PADS expose partial-replication and blocking policy~\cite{practi,pads}; COPS, Eiger, Occult, and GentleRain constrain causal visibility~\cite{cops,eiger,occult,gentlerain}; probabilistically bounded staleness quantifies a partial-quorum contract~\cite{pbs}. None reveals an invalidator outside an isolated client's observed past, while our lease supplies none of their transaction semantics.",exact occurrence retained; not automated entailment certification
cops,356,"\subsection{Replication and acknowledgement} Epidemic dissemination, Bayou, Dynamo, and CRDTs favor eventual propagation or reconciliation~\cite{epidemic,bayou,dynamo,crdt}. PRACTI and PADS expose partial-replication and blocking policy~\cite{practi,pads}; COPS, Eiger, Occult, and GentleRain constrain causal visibility~\cite{cops,eiger,occult,gentlerain}; probabilistically bounded staleness quantifies a partial-quorum contract~\cite{pbs}. None reveals an invalidator outside an isolated client's observed past, while our lease supplies none of their transaction semantics.",exact occurrence retained; not automated entailment certification
eiger,356,"\subsection{Replication and acknowledgement} Epidemic dissemination, Bayou, Dynamo, and CRDTs favor eventual propagation or reconciliation~\cite{epidemic,bayou,dynamo,crdt}. PRACTI and PADS expose partial-replication and blocking policy~\cite{practi,pads}; COPS, Eiger, Occult, and GentleRain constrain causal visibility~\cite{cops,eiger,occult,gentlerain}; probabilistically bounded staleness quantifies a partial-quorum contract~\cite{pbs}. None reveals an invalidator outside an isolated client's observed past, while our lease supplies none of their transaction semantics.",exact occurrence retained; not automated entailment certification
occult,356,"\subsection{Replication and acknowledgement} Epidemic dissemination, Bayou, Dynamo, and CRDTs favor eventual propagation or reconciliation~\cite{epidemic,bayou,dynamo,crdt}. PRACTI and PADS expose partial-replication and blocking policy~\cite{practi,pads}; COPS, Eiger, Occult, and GentleRain constrain causal visibility~\cite{cops,eiger,occult,gentlerain}; probabilistically bounded staleness quantifies a partial-quorum contract~\cite{pbs}. None reveals an invalidator outside an isolated client's observed past, while our lease supplies none of their transaction semantics.",exact occurrence retained; not automated entailment certification
gentlerain,356,"\subsection{Replication and acknowledgement} Epidemic dissemination, Bayou, Dynamo, and CRDTs favor eventual propagation or reconciliation~\cite{epidemic,bayou,dynamo,crdt}. PRACTI and PADS expose partial-replication and blocking policy~\cite{practi,pads}; COPS, Eiger, Occult, and GentleRain constrain causal visibility~\cite{cops,eiger,occult,gentlerain}; probabilistically bounded staleness quantifies a partial-quorum contract~\cite{pbs}. None reveals an invalidator outside an isolated client's observed past, while our lease supplies none of their transaction semantics.",exact occurrence retained; not automated entailment certification
pbs,356,"\subsection{Replication and acknowledgement} Epidemic dissemination, Bayou, Dynamo, and CRDTs favor eventual propagation or reconciliation~\cite{epidemic,bayou,dynamo,crdt}. PRACTI and PADS expose partial-replication and blocking policy~\cite{practi,pads}; COPS, Eiger, Occult, and GentleRain constrain causal visibility~\cite{cops,eiger,occult,gentlerain}; probabilistically bounded staleness quantifies a partial-quorum contract~\cite{pbs}. None reveals an invalidator outside an isolated client's observed past, while our lease supplies none of their transaction semantics.",exact occurrence retained; not automated entailment certification
corfu,358,"Shared logs and replicated state machines choose stronger acknowledgement. CORFU/vCorfu, Scalog, and chain replication order durable service state~\cite{corfu,vcorfu,scalog,chainreplication}; Gryff, CURP, and SwiftPaxos optimize register or command ordering~\cite{gryff,curp,swiftpaxos}; PBFT, HotStuff, Bedrock, and Smart Casual address broader Byzantine agreement or verification~\cite{pbft,hotstuff,bedrock,smartcasual}. They are stronger alternatives, not weak baselines relabeled as registry policies. Our fixed committee certifies one projected namespace history and recovers retained local state; it does not implement concurrent command ordering, reconfiguration, or replicated storage.",exact occurrence retained; not automated entailment certification
vcorfu,358,"Shared logs and replicated state machines choose stronger acknowledgement. CORFU/vCorfu, Scalog, and chain replication order durable service state~\cite{corfu,vcorfu,scalog,chainreplication}; Gryff, CURP, and SwiftPaxos optimize register or command ordering~\cite{gryff,curp,swiftpaxos}; PBFT, HotStuff, Bedrock, and Smart Casual address broader Byzantine agreement or verification~\cite{pbft,hotstuff,bedrock,smartcasual}. They are stronger alternatives, not weak baselines relabeled as registry policies. Our fixed committee certifies one projected namespace history and recovers retained local state; it does not implement concurrent command ordering, reconfiguration, or replicated storage.",exact occurrence retained; not automated entailment certification
scalog,358,"Shared logs and replicated state machines choose stronger acknowledgement. CORFU/vCorfu, Scalog, and chain replication order durable service state~\cite{corfu,vcorfu,scalog,chainreplication}; Gryff, CURP, and SwiftPaxos optimize register or command ordering~\cite{gryff,curp,swiftpaxos}; PBFT, HotStuff, Bedrock, and Smart Casual address broader Byzantine agreement or verification~\cite{pbft,hotstuff,bedrock,smartcasual}. They are stronger alternatives, not weak baselines relabeled as registry policies. Our fixed committee certifies one projected namespace history and recovers retained local state; it does not implement concurrent command ordering, reconfiguration, or replicated storage.",exact occurrence retained; not automated entailment certification
chainreplication,358,"Shared logs and replicated state machines choose stronger acknowledgement. CORFU/vCorfu, Scalog, and chain replication order durable service state~\cite{corfu,vcorfu,scalog,chainreplication}; Gryff, CURP, and SwiftPaxos optimize register or command ordering~\cite{gryff,curp,swiftpaxos}; PBFT, HotStuff, Bedrock, and Smart Casual address broader Byzantine agreement or verification~\cite{pbft,hotstuff,bedrock,smartcasual}. They are stronger alternatives, not weak baselines relabeled as registry policies. Our fixed committee certifies one projected namespace history and recovers retained local state; it does not implement concurrent command ordering, reconfiguration, or replicated storage.",exact occurrence retained; not automated entailment certification
gryff,358,"Shared logs and replicated state machines choose stronger acknowledgement. CORFU/vCorfu, Scalog, and chain replication order durable service state~\cite{corfu,vcorfu,scalog,chainreplication}; Gryff, CURP, and SwiftPaxos optimize register or command ordering~\cite{gryff,curp,swiftpaxos}; PBFT, HotStuff, Bedrock, and Smart Casual address broader Byzantine agreement or verification~\cite{pbft,hotstuff,bedrock,smartcasual}. They are stronger alternatives, not weak baselines relabeled as registry policies. Our fixed committee certifies one projected namespace history and recovers retained local state; it does not implement concurrent command ordering, reconfiguration, or replicated storage.",exact occurrence retained; not automated entailment certification
curp,358,"Shared logs and replicated state machines choose stronger acknowledgement. CORFU/vCorfu, Scalog, and chain replication order durable service state~\cite{corfu,vcorfu,scalog,chainreplication}; Gryff, CURP, and SwiftPaxos optimize register or command ordering~\cite{gryff,curp,swiftpaxos}; PBFT, HotStuff, Bedrock, and Smart Casual address broader Byzantine agreement or verification~\cite{pbft,hotstuff,bedrock,smartcasual}. They are stronger alternatives, not weak baselines relabeled as registry policies. Our fixed committee certifies one projected namespace history and recovers retained local state; it does not implement concurrent command ordering, reconfiguration, or replicated storage.",exact occurrence retained; not automated entailment certification
swiftpaxos,358,"Shared logs and replicated state machines choose stronger acknowledgement. CORFU/vCorfu, Scalog, and chain replication order durable service state~\cite{corfu,vcorfu,scalog,chainreplication}; Gryff, CURP, and SwiftPaxos optimize register or command ordering~\cite{gryff,curp,swiftpaxos}; PBFT, HotStuff, Bedrock, and Smart Casual address broader Byzantine agreement or verification~\cite{pbft,hotstuff,bedrock,smartcasual}. They are stronger alternatives, not weak baselines relabeled as registry policies. Our fixed committee certifies one projected namespace history and recovers retained local state; it does not implement concurrent command ordering, reconfiguration, or replicated storage.",exact occurrence retained; not automated entailment certification
pbft,358,"Shared logs and replicated state machines choose stronger acknowledgement. CORFU/vCorfu, Scalog, and chain replication order durable service state~\cite{corfu,vcorfu,scalog,chainreplication}; Gryff, CURP, and SwiftPaxos optimize register or command ordering~\cite{gryff,curp,swiftpaxos}; PBFT, HotStuff, Bedrock, and Smart Casual address broader Byzantine agreement or verification~\cite{pbft,hotstuff,bedrock,smartcasual}. They are stronger alternatives, not weak baselines relabeled as registry policies. Our fixed committee certifies one projected namespace history and recovers retained local state; it does not implement concurrent command ordering, reconfiguration, or replicated storage.",exact occurrence retained; not automated entailment certification
hotstuff,358,"Shared logs and replicated state machines choose stronger acknowledgement. CORFU/vCorfu, Scalog, and chain replication order durable service state~\cite{corfu,vcorfu,scalog,chainreplication}; Gryff, CURP, and SwiftPaxos optimize register or command ordering~\cite{gryff,curp,swiftpaxos}; PBFT, HotStuff, Bedrock, and Smart Casual address broader Byzantine agreement or verification~\cite{pbft,hotstuff,bedrock,smartcasual}. They are stronger alternatives, not weak baselines relabeled as registry policies. Our fixed committee certifies one projected namespace history and recovers retained local state; it does not implement concurrent command ordering, reconfiguration, or replicated storage.",exact occurrence retained; not automated entailment certification
bedrock,358,"Shared logs and replicated state machines choose stronger acknowledgement. CORFU/vCorfu, Scalog, and chain replication order durable service state~\cite{corfu,vcorfu,scalog,chainreplication}; Gryff, CURP, and SwiftPaxos optimize register or command ordering~\cite{gryff,curp,swiftpaxos}; PBFT, HotStuff, Bedrock, and Smart Casual address broader Byzantine agreement or verification~\cite{pbft,hotstuff,bedrock,smartcasual}. They are stronger alternatives, not weak baselines relabeled as registry policies. Our fixed committee certifies one projected namespace history and recovers retained local state; it does not implement concurrent command ordering, reconfiguration, or replicated storage.",exact occurrence retained; not automated entailment certification
smartcasual,358,"Shared logs and replicated state machines choose stronger acknowledgement. CORFU/vCorfu, Scalog, and chain replication order durable service state~\cite{corfu,vcorfu,scalog,chainreplication}; Gryff, CURP, and SwiftPaxos optimize register or command ordering~\cite{gryff,curp,swiftpaxos}; PBFT, HotStuff, Bedrock, and Smart Casual address broader Byzantine agreement or verification~\cite{pbft,hotstuff,bedrock,smartcasual}. They are stronger alternatives, not weak baselines relabeled as registry policies. Our fixed committee certifies one projected namespace history and recovers retained local state; it does not implement concurrent command ordering, reconfiguration, or replicated storage.",exact occurrence retained; not automated entailment certification
