case,category,family,span,update,crash_phase,first_signatures,retry_signatures,recovered_count_before_retry,expected_recovered_count,old_count,new_count,serve_after_update,expected_serve_after_update,state_bytes_total,state_bytes_max,first_attempt_ms,restart_and_retry_ms,passed,messages,wire_bytes,certify_messages,certify_wire_bytes,control_messages,control_wire_bytes,drops,injected_crashes,restarts
recovery-001,crash-recovery,public-lock,3,unrelated-publication,before-commit,2,3,23,23,23,24,True,True,40000,13273,11.979,132.951,True,59,149184,19,144907,40,4277,3,1,1
recovery-002,crash-recovery,public-lock,3,unrelated-publication,after-temp-fsync,2,3,23,23,23,24,True,True,40000,13273,16.34,132.797,True,59,149187,19,144910,40,4277,3,1,1
recovery-003,crash-recovery,public-lock,3,unrelated-publication,after-replace,2,3,24,24,23,24,True,True,40000,13273,16.094,134.543,True,59,149184,19,144907,40,4277,3,1,1
recovery-004,crash-recovery,public-lock,3,artifact-revocation,before-commit,2,3,23,23,23,24,False,False,39310,13043,11.716,132.818,True,59,147900,19,143623,40,4277,3,1,1
recovery-005,crash-recovery,public-lock,3,artifact-revocation,after-temp-fsync,2,3,23,23,23,24,False,False,39310,13043,16.357,133.833,True,59,147903,19,143626,40,4277,3,1,1
recovery-006,crash-recovery,public-lock,3,artifact-revocation,after-replace,2,3,24,24,23,24,False,False,39310,13043,16.364,132.156,True,59,147900,19,143623,40,4277,3,1,1
recovery-007,crash-recovery,public-lock,3,capability-revocation,before-commit,2,3,23,23,23,24,False,False,39304,13041,12.386,131.258,True,59,147852,19,143575,40,4277,3,1,1
recovery-008,crash-recovery,public-lock,3,capability-revocation,after-temp-fsync,2,3,23,23,23,24,False,False,39304,13041,15.666,131.863,True,59,147855,19,143578,40,4277,3,1,1
recovery-009,crash-recovery,public-lock,3,capability-revocation,after-replace,2,3,24,24,23,24,False,False,39304,13041,15.988,130.725,True,59,147852,19,143575,40,4277,3,1,1
recovery-010,crash-recovery,public-lock,3,conflicting-publication,before-commit,2,3,23,23,23,24,False,False,39958,13259,12.059,131.23,True,59,149196,19,144919,40,4277,3,1,1
recovery-011,crash-recovery,public-lock,3,conflicting-publication,after-temp-fsync,2,3,23,23,23,24,False,False,39958,13259,16.166,132.128,True,59,149199,19,144922,40,4277,3,1,1
recovery-012,crash-recovery,public-lock,3,conflicting-publication,after-replace,2,3,24,24,23,24,False,False,39958,13259,16.521,131.5,True,59,149196,19,144919,40,4277,3,1,1
recovery-013,crash-recovery,generated,3,unrelated-publication,before-commit,2,3,45,45,45,46,True,True,70630,23483,20.014,152.98,True,59,263498,19,259221,40,4277,3,1,1
recovery-014,crash-recovery,generated,3,unrelated-publication,after-temp-fsync,2,3,45,45,45,46,True,True,70630,23483,28.567,150.885,True,59,263501,19,259224,40,4277,3,1,1
recovery-015,crash-recovery,generated,3,unrelated-publication,after-replace,2,3,46,46,45,46,True,True,70630,23483,28.255,148.68,True,59,263498,19,259221,40,4277,3,1,1
recovery-016,crash-recovery,generated,3,artifact-revocation,before-commit,2,3,45,45,45,46,False,False,69931,23250,19.697,152.92,True,59,262178,19,257901,40,4277,3,1,1
recovery-017,crash-recovery,generated,3,artifact-revocation,after-temp-fsync,2,3,45,45,45,46,False,False,69931,23250,28.301,149.4,True,59,262181,19,257904,40,4277,3,1,1
recovery-018,crash-recovery,generated,3,artifact-revocation,after-replace,2,3,46,46,45,46,False,False,69931,23250,28.486,149.174,True,59,262178,19,257901,40,4277,3,1,1
recovery-019,crash-recovery,generated,3,capability-revocation,before-commit,2,3,45,45,45,46,False,False,69934,23251,19.861,147.419,True,59,262166,19,257889,40,4277,3,1,1
recovery-020,crash-recovery,generated,3,capability-revocation,after-temp-fsync,2,3,45,45,45,46,False,False,69934,23251,27.906,149.645,True,59,262169,19,257892,40,4277,3,1,1
recovery-021,crash-recovery,generated,3,capability-revocation,after-replace,2,3,46,46,45,46,False,False,69934,23251,28.13,150.223,True,59,262166,19,257889,40,4277,3,1,1
recovery-022,crash-recovery,generated,3,conflicting-publication,before-commit,2,3,45,45,45,46,False,False,70579,23466,20.256,175.125,True,59,263474,19,259197,40,4277,3,1,1
recovery-023,crash-recovery,generated,3,conflicting-publication,after-temp-fsync,2,3,45,45,45,46,False,False,70579,23466,29.194,149.878,True,59,263477,19,259200,40,4277,3,1,1
recovery-024,crash-recovery,generated,3,conflicting-publication,after-replace,2,3,46,46,45,46,False,False,70579,23466,28.358,147.993,True,59,263474,19,259197,40,4277,3,1,1
fork-001,full-restart-fork,public-lock,1,conflicting-branch,full-committee-restart,3,2,0,63,63,64,False,False,67661,33649,0.0,475.894,True,52,207441,12,203350,40,4091,2,0,4
fork-002,full-restart-fork,public-lock,3,conflicting-branch,full-committee-restart,3,2,0,23,23,24,False,False,24815,12226,0.0,469.638,True,52,78903,12,74812,40,4091,2,0,4
fork-003,full-restart-fork,public-lock,6,conflicting-branch,full-committee-restart,3,2,0,13,13,14,False,False,14737,7187,0.0,454.75,True,52,48660,12,44575,40,4085,2,0,4
fork-004,full-restart-fork,generated,1,conflicting-branch,full-committee-restart,3,2,0,131,131,132,False,False,129863,64750,0.0,500.629,True,52,394056,12,389959,40,4097,2,0,4
fork-005,full-restart-fork,generated,3,conflicting-branch,full-committee-restart,3,2,0,45,45,46,False,False,44995,22316,0.0,472.236,True,52,139443,12,135352,40,4091,2,0,4
fork-006,full-restart-fork,generated,6,conflicting-branch,full-committee-restart,3,2,0,24,24,25,False,False,24409,12023,0.0,461.201,True,52,77685,12,73594,40,4091,2,0,4
corrupt-truncated,corrupt-state,public-lock,1,truncated,corrupt-file,4,3,-1,-1,63,63,True,True,0,0,0.0,0.0,True,34,270245,16,268516,18,1729,0,0,1
corrupt-commitment,corrupt-state,public-lock,1,commitment,corrupt-file,4,3,-1,-1,63,63,True,True,0,0,0.0,0.0,True,34,270262,16,268524,18,1738,0,0,1
clock-rollback,clock-recovery,public-lock,1,clock-backstep,full-committee-restart,0,0,0,0,0,0,True,True,728,182,0.0,0.0,True,48,4224,0,0,48,4224,0,0,4
